rank,asset,market_id,market_slug,token_id,question,lag_hours,n_observations,n_nonzero_changes,train_correlation,test_correlation,full_correlation,empirical_pvalue,rolling_stability,robustness_score,grade,filter_reason,days_to_resolution_at_end,volume_bucket,liquidity_bucket
1,BTC,692258,microstrategy-sells-any-bitcoin-by-june-30-2026,110251828161543119357013227499774714771527179764174739487025581227481937033858,"MicroStrategy sells any Bitcoin by June 30, 2026?",1,357,91,-0.1575553432630613,-0.16491247655052158,-0.14961361195456052,0.01990049751243781,1.0,6.498761387727733,PROMISING,passed,64.29166666666667,100k-1m,10k-100k
2,BTC,948957,bitcoin-all-time-high-by-september-30-2026,50388900663189748675936681554126016850520413670342348778716337126803310768728,"Bitcoin all time high by September 30, 2026?",1,304,54,-0.13206258035563628,-0.13451499968662214,-0.1301944002153859,0.024875621890547265,1.0,6.2308237546520155,PROMISING,passed,156.33333333333334,100k-1m,10k-100k
3,SOL,1823881,will-solana-reach-160-in-april-2026,2239666445220242421622333852346062404205114740031545382107437837927896782621,Will Solana reach $160 in April?,4,424,95,0.1193425389782689,0.11380171416891953,0.11138333248938212,0.014925373134328358,0.75,6.13715782457594,PROMISING,passed,3.4166666666666665,100k-1m,10k-100k
4,BTC,701495,will-bitcoin-reach-110000-by-december-31-2026-658-339-969,74843373582432484858627201602003648342208168490128239235522790524493414154441,"Will Bitcoin reach $110,000 by December 31, 2026?",1,567,157,-0.07373500762402409,-0.0961994171924439,-0.08160632159827856,0.06467661691542288,1.0,6.351643852131374,WATCHLIST,passed,248.33333333333334,100k-1m,10k-100k
5,ETH,1823794,will-ethereum-reach-3000-in-april-2026,98694887273478515891138203442549017191281454470497426834485838288268569808164,"Will Ethereum reach $3,000 in April?",1,402,221,0.08422103407759056,0.1857463268353707,0.07609269745093987,0.0945273631840796,0.75,6.2936769078086945,WATCHLIST,passed,3.2916666666666665,100k-1m,100k-1m
6,SOL,1823881,will-solana-reach-160-in-april-2026,2239666445220242421622333852346062404205114740031545382107437837927896782621,Will Solana reach $160 in April?,24,404,95,-0.03228456712917337,-0.18570279922338573,-0.04424954577745861,0.373134328358209,1.0,5.990245339400511,WEAK,passed,4.25,100k-1m,10k-100k
7,BTC,1345530,will-bitcoin-reach-80000-by-december-31-2026-195-842-488-785,57919935471407397521237084573781793510659396827525482575585173092467716045100,"Will Bitcoin reach $80,000 by December 31, 2026?",4,629,350,0.1036625797169052,0.024152097595127844,0.06434371616416235,0.11940298507462686,1.0,5.881954517826386,WEAK,passed,248.45833333333334,100k-1m,10k-100k
8,BTC,1343220,will-bitcoin-dip-to-10000-by-december-31-2026-888-644-567-258-946-853,42439528758178981890895605039938161151582654744978607695897321288347422769852,"Will Bitcoin dip to $10,000 by December 31, 2026?",4,688,173,-0.061742347106312295,-0.040168916103683755,-0.05389972104091268,0.1791044776119403,1.0,5.842635625294538,WEAK,passed,248.45833333333334,100k-1m,10k-100k
9,BTC,701504,will-bitcoin-dip-to-25000-by-december-31-2026-948-243-253-666-115-787-981-282-573-719-186-417-762-754-486-851-278-145,58908160299895538838177673280060816284346493901538403975218911918392404378292,"Will Bitcoin dip to $25,000 by December 31, 2026?",4,537,83,0.04044286976521471,0.08474666508957888,0.057163953952543804,0.208955223880597,0.75,5.7558228776867,WEAK,passed,248.45833333333334,100k-1m,10k-100k
10,BTC,701491,will-bitcoin-reach-150000-by-december-31-2026-557-246-971,9408196828451163378822245032645030045707991112669125056198742225498158094445,"Will Bitcoin reach $150,000 by December 31, 2026?",4,393,49,-0.13895386593910328,-0.02372725629547405,-0.08797647233618756,0.0945273631840796,1.0,5.71558155510921,WEAK,passed,248.45833333333334,100k-1m,10k-100k
11,BTC,948958,bitcoin-all-time-high-by-december-31-2026,102959890468928530190954086704155483076852880798676895426376704430618826404382,"Bitcoin all time high by December 31, 2026?",24,313,63,-0.1548661849005826,-0.02858123654688434,-0.12881068357728404,0.04975124378109453,1.0,5.669403695172233,WEAK,passed,249.29166666666666,100k-1m,10k-100k
12,BTC,665258,will-china-unban-bitcoin-by-2027,91810646921497227084241579668235102205462718984593674693010693975258849328842,Will China unban Bitcoin by 2027?,1,580,108,0.015300152338998512,0.10154545711076446,0.05312410616094412,0.17412935323383086,0.5,5.659468579086161,WEAK,passed,247.125,10k-100k,10k-100k
13,BTC,1823776,will-bitcoin-reach-80k-in-april-2026-794,22893138393795740138249503228269517733051888602506683062209713465144747482167,"Will Bitcoin reach $80,000 in April?",4,560,405,-0.017018141016270697,-0.08828670793706746,-0.04603822028397689,0.2736318407960199,0.75,5.6441698580932975,WEAK,passed,3.4166666666666665,>=1m,10k-100k
14,BTC,1343220,will-bitcoin-dip-to-10000-by-december-31-2026-888-644-567-258-946-853,42439528758178981890895605039938161151582654744978607695897321288347422769852,"Will Bitcoin dip to $10,000 by December 31, 2026?",1,691,174,-0.0768408144617807,-0.0174959982036149,-0.05608713565890245,0.11940298507462686,0.75,5.598674020868821,WEAK,passed,248.33333333333334,100k-1m,10k-100k
15,BTC,1823779,will-bitcoin-dip-to-65k-in-april-2026-355-765,91891168804884935930999247357727984305771756132991676079520973027739343180431,"Will Bitcoin dip to $65,000 in April?",1,494,321,-0.05747818678326251,-0.08707968432000626,-0.058405657633166276,0.19900497512437812,0.5,5.525388471351276,WEAK,passed,3.2916666666666665,>=1m,100k-1m
16,ETH,1823795,will-ethereum-reach-2800-in-april-2026,103455081209713767851750094101142549597038869631663604903086082563273644697340,"Will Ethereum reach $2,800 in April?",24,512,361,0.01699357060801155,0.0794918489462412,0.02491554082127649,0.43781094527363185,1.0,5.521837354183942,WEAK,passed,4.25,100k-1m,10k-100k
17,ETH,701552,will-ethereum-dip-to-1500-by-december-31-2026,101639751789549589765350117072740510018809594718571111931328241076831078702528,"Will Ethereum dip to $1,500 by December 31, 2026?",24,390,100,0.07934934059482028,0.022396684909027607,0.06226553093541042,0.1890547263681592,1.0,5.51387397180882,WEAK,passed,249.29166666666666,100k-1m,10k-100k
18,BTC,1823784,will-bitcoin-dip-to-40k-in-april-2026-795-619,98951083891762751529749372132438032148715175020829409124970659708693351854318,"Will Bitcoin dip to $40,000 in April?",1,278,52,0.14156643349150305,0.0027315868492561457,0.11917306427989714,0.03482587064676617,1.0,5.500006192952749,WEAK,passed,3.2916666666666665,100k-1m,100k-1m
19,BTC,1823779,will-bitcoin-dip-to-65k-in-april-2026-355-765,91891168804884935930999247357727984305771756132991676079520973027739343180431,"Will Bitcoin dip to $65,000 in April?",24,471,308,-0.009984130646173317,-0.14117055313812765,-0.030467603298519604,0.5174129353233831,0.75,5.363026895043872,WEAK,passed,4.25,>=1m,100k-1m
20,BTC,701504,will-bitcoin-dip-to-25000-by-december-31-2026-948-243-253-666-115-787-981-282-573-719-186-417-762-754-486-851-278-145,58908160299895538838177673280060816284346493901538403975218911918392404378292,"Will Bitcoin dip to $25,000 by December 31, 2026?",1,540,83,0.0061623118544864115,0.09921820915437118,0.04238176460516191,0.417910447761194,0.5,5.160270150249469,WEAK,passed,248.33333333333334,100k-1m,10k-100k
21,BTC,701492,will-bitcoin-reach-140000-by-december-31-2026-131-829-299,71296910957902084356560391757722633648005498400799774895345285101862220728868,"Will Bitcoin reach $140,000 by December 31, 2026?",1,356,45,0.08820522750861266,0.015921196808158598,0.07335572901059295,0.16417910447761194,0.6666666666666666,5.129914441752235,WEAK,passed,248.33333333333334,10k-100k,10k-100k
22,BTC,701492,will-bitcoin-reach-140000-by-december-31-2026-131-829-299,71296910957902084356560391757722633648005498400799774895345285101862220728868,"Will Bitcoin reach $140,000 by December 31, 2026?",4,353,45,0.04953110668522757,0.09530593428537038,0.048548721241569316,0.38308457711442784,0.6666666666666666,5.0830271838646635,WEAK,passed,248.45833333333334,10k-100k,10k-100k
23,BTC,665258,will-china-unban-bitcoin-by-2027,91810646921497227084241579668235102205462718984593674693010693975258849328842,Will China unban Bitcoin by 2027?,24,557,107,-0.029704531686704116,-0.03297475513533556,-0.027707327137296813,0.43781094527363185,0.75,5.039251885129414,WEAK,passed,248.08333333333334,10k-100k,10k-100k
24,BTC,1823776,will-bitcoin-reach-80k-in-april-2026-794,22893138393795740138249503228269517733051888602506683062209713465144747482167,"Will Bitcoin reach $80,000 in April?",24,540,387,0.048529712152737534,0.03310169268862524,0.03591292752077086,0.4427860696517413,0.75,5.029936324139644,WEAK,passed,4.25,>=1m,10k-100k
25,XRP,1823902,will-xrp-reach-2-in-april-2026,67556301124097607260152199396403959080839673893054926374870558197278260784915,Will XRP reach $2.00 in April?,24,252,148,-0.038073157592098034,-0.12176428905661048,-0.03398429952670056,0.5422885572139303,1.0,5.028244330855191,WEAK,passed,4.25,10k-100k,10k-100k
26,BTC,948957,bitcoin-all-time-high-by-september-30-2026,50388900663189748675936681554126016850520413670342348778716337126803310768728,"Bitcoin all time high by September 30, 2026?",4,301,54,0.019749393334373967,0.10266929472126705,0.039502433292649373,0.43283582089552236,0.75,4.999674831815291,WEAK,passed,156.45833333333334,100k-1m,10k-100k
27,BTC,1823776,will-bitcoin-reach-80k-in-april-2026-794,22893138393795740138249503228269517733051888602506683062209713465144747482167,"Will Bitcoin reach $80,000 in April?",1,563,406,-0.02037251670813441,-0.05831702592831439,-0.03435423409940967,0.43283582089552236,0.5,4.9259134878505275,WEAK,passed,3.2916666666666665,>=1m,10k-100k
28,BTC,1823784,will-bitcoin-dip-to-40k-in-april-2026-795-619,98951083891762751529749372132438032148715175020829409124970659708693351854318,"Will Bitcoin dip to $40,000 in April?",4,275,52,0.07433054997191807,0.03295543916416061,0.06443400765947739,0.24875621890547264,0.6666666666666666,4.883931424676525,WEAK,passed,3.4166666666666665,100k-1m,100k-1m
29,BTC,1823784,will-bitcoin-dip-to-40k-in-april-2026-795-619,98951083891762751529749372132438032148715175020829409124970659708693351854318,"Will Bitcoin dip to $40,000 in April?",24,255,51,-0.027575422925217717,-0.12316872428843634,-0.029364225559007622,0.572139303482587,0.75,4.731565014477008,WEAK,passed,4.25,100k-1m,100k-1m
30,BTC,1823786,will-bitcoin-dip-to-30k-in-april-2026-724-192,84771301702351303074871180279903621715509085776274806851229789863791098403148,"Will Bitcoin dip to $30,000 in April?",24,245,29,-0.06511959904374028,-0.027804620339958255,-0.06179490456258245,0.2935323383084577,0.6666666666666666,4.708625091749544,WEAK,passed,4.25,100k-1m,100k-1m
31,BTC,701494,will-bitcoin-reach-120000-by-december-31-2026-625-425-562,65965214225073605704712365855887384729237451947822407248598722221769498441791,"Will Bitcoin reach $120,000 by December 31, 2026?",1,309,73,0.06897378209269321,0.022294867999857013,0.06291974529340588,0.2885572139303483,0.5,4.652359912138589,WEAK,passed,248.33333333333334,100k-1m,10k-100k
32,BTC,701494,will-bitcoin-reach-120000-by-december-31-2026-625-425-562,65965214225073605704712365855887384729237451947822407248598722221769498441791,"Will Bitcoin reach $120,000 by December 31, 2026?",4,306,73,-0.009379564353267528,-0.1110107896257072,-0.02482594053013605,0.6368159203980099,0.75,4.643422107332516,WEAK,passed,248.45833333333334,100k-1m,10k-100k
33,BTC,1345530,will-bitcoin-reach-80000-by-december-31-2026-195-842-488-785,57919935471407397521237084573781793510659396827525482575585173092467716045100,"Will Bitcoin reach $80,000 by December 31, 2026?",1,632,353,0.011829465946947214,0.024599091324782937,0.017694478274951398,0.6318407960199005,0.75,4.609313864584113,WEAK,passed,248.33333333333334,100k-1m,10k-100k
34,ETH,701552,will-ethereum-dip-to-1500-by-december-31-2026,101639751789549589765350117072740510018809594718571111931328241076831078702528,"Will Ethereum dip to $1,500 by December 31, 2026?",1,413,113,0.05049257136757358,0.025122114986442012,0.040422731637936256,0.48756218905472637,0.5,4.476486196822757,WEAK,passed,248.33333333333334,100k-1m,10k-100k
35,XRP,1823900,will-xrp-reach-2pt4-in-april-2026,6907787482165930535735013797025597365762483807798181321474369791814479389352,Will XRP reach $2.40 in April?,1,416,104,-0.019079414016121055,-0.024798775995914103,-0.01843698474205366,0.6169154228855721,0.75,4.472163034208426,WEAK,passed,3.2916666666666665,10k-100k,10k-100k
36,ETH,1373744,megaeth-market-cap-fdv-800m-one-day-after-launch-987-114-655,61268780060811317912125567165718241493378747385698282791855508063291413917546,MegaETH market cap (FDV) >$800M one day after launch?,24,283,136,-0.009818442885942151,-0.1103984049500648,-0.02284952029768693,0.6915422885572139,0.5,4.234907447635896,WEAK,passed,65.25,100k-1m,100k-1m
37,ETH,1823799,will-ethereum-dip-to-2000-in-april-2026,115443844896518160070261607488184121309794437412699113546532889479676113001808,"Will Ethereum dip to $2,000 in April?",1,297,270,0.007077023033583497,0.10595358057216239,0.013176435128026685,0.8258706467661692,0.75,4.2220266093284735,WEAK,passed,3.2916666666666665,100k-1m,10k-100k
38,ETH,1823796,will-ethereum-reach-2600-in-april-2026,50308948122998050994686144925841639946050360545921215447281194779092729393480,"Will Ethereum reach $2,600 in April?",1,264,184,-0.008097349183188699,-0.10238358014156958,-0.016549076062267333,0.7263681592039801,0.5,4.087181582299888,WEAK,passed,3.2916666666666665,100k-1m,10k-100k
39,BTC,1823786,will-bitcoin-dip-to-30k-in-april-2026-724-192,84771301702351303074871180279903621715509085776274806851229789863791098403148,"Will Bitcoin dip to $30,000 in April?",4,265,29,-0.031033750065480176,-0.000926609578868992,-0.029687563810397655,0.5572139303482587,0.6666666666666666,4.086871853864494,WEAK,passed,3.4166666666666665,100k-1m,100k-1m
40,BTC,1343220,will-bitcoin-dip-to-10000-by-december-31-2026-888-644-567-258-946-853,42439528758178981890895605039938161151582654744978607695897321288347422769852,"Will Bitcoin dip to $10,000 by December 31, 2026?",24,668,166,0.019851387321634228,-0.15710753067904631,-0.04153855047128359,0.2935323383084577,0.75,3.9484729767783167,WEAK,passed,249.29166666666666,100k-1m,10k-100k
41,XRP,1823902,will-xrp-reach-2-in-april-2026,67556301124097607260152199396403959080839673893054926374870558197278260784915,Will XRP reach $2.00 in April?,1,275,158,0.10267307381598187,-0.17318531415737226,0.0839430600304071,0.14925373134328357,0.75,3.867419108100294,WEAK,passed,3.2916666666666665,10k-100k,10k-100k
42,BTC,1339767,will-bitcoin-dip-to-50000-by-december-31-2026-454-325-222-878-949-487-451,13887983551129862992605123088744175927084435631400400451585519366058907542147,"Will Bitcoin dip to $50,000 by December 31, 2026?",1,565,223,-0.0007267982283229195,-0.014717072059409829,-0.005665135259739387,0.8855721393034826,0.5,3.802441081690084,WEAK,passed,248.33333333333334,100k-1m,10k-100k
43,BTC,1339767,will-bitcoin-dip-to-50000-by-december-31-2026-454-325-222-878-949-487-451,13887983551129862992605123088744175927084435631400400451585519366058907542147,"Will Bitcoin dip to $50,000 by December 31, 2026?",4,562,222,0.10272137720643389,-0.033100179965906466,0.057170142502381296,0.18407960199004975,1.0,3.797341695849433,WEAK,passed,248.45833333333334,100k-1m,10k-100k
44,BTC,1823785,will-bitcoin-dip-to-35k-in-april-2026-269-515,55866919730905441060316639913713252112909337594136306040264616999652467664982,"Will Bitcoin dip to $35,000 in April?",1,310,43,0.12095859522081415,-0.07929331401981994,0.09509732864160456,0.0845771144278607,0.75,3.5973123412433785,WEAK,passed,3.2916666666666665,100k-1m,100k-1m
45,BTC,701494,will-bitcoin-reach-120000-by-december-31-2026-625-425-562,65965214225073605704712365855887384729237451947822407248598722221769498441791,"Will Bitcoin reach $120,000 by December 31, 2026?",24,286,70,-6.052961474354107e-06,-0.05869588620841981,-0.008065395508935886,0.9104477611940298,0.5,3.5445839086540394,WEAK,passed,249.29166666666666,100k-1m,10k-100k
46,ETH,1823796,will-ethereum-reach-2600-in-april-2026,50308948122998050994686144925841639946050360545921215447281194779092729393480,"Will Ethereum reach $2,600 in April?",4,261,181,0.08676009400630856,-0.17899484199767898,0.05768111175302515,0.3034825870646766,0.5,3.310009035859042,WEAK,passed,3.4166666666666665,100k-1m,10k-100k
47,ETH,1823799,will-ethereum-dip-to-2000-in-april-2026,115443844896518160070261607488184121309794437412699113546532889479676113001808,"Will Ethereum dip to $2,000 in April?",24,274,247,0.006036391719060469,0.012591295020039505,0.006843212910532772,0.9203980099502488,0.5,3.2701604551997003,WEAK,passed,4.25,100k-1m,10k-100k
48,BTC,948958,bitcoin-all-time-high-by-december-31-2026,102959890468928530190954086704155483076852880798676895426376704430618826404382,"Bitcoin all time high by December 31, 2026?",4,333,63,0.0029533624305769684,-0.18466276395052386,-0.02881718240035061,0.582089552238806,0.75,3.175134715275007,WEAK,passed,248.45833333333334,100k-1m,10k-100k
49,XRP,1823902,will-xrp-reach-2-in-april-2026,67556301124097607260152199396403959080839673893054926374870558197278260784915,Will XRP reach $2.00 in April?,4,272,157,0.0919168976815658,-0.05689130071352079,0.07909810293234645,0.16417910447761194,0.5,3.00009829461238,WEAK,passed,3.4166666666666665,10k-100k,10k-100k
50,BTC,948957,bitcoin-all-time-high-by-september-30-2026,50388900663189748675936681554126016850520413670342348778716337126803310768728,"Bitcoin all time high by September 30, 2026?",24,281,54,-0.10330175216305959,0.13450938675117263,-0.048814786001606235,0.4079601990049751,0.5,2.918626535745913,WEAK,passed,157.29166666666666,100k-1m,10k-100k
51,ETH,1383662,will-megaeth-launch-a-token-by-june-30-2026-676-993-477,29601542826076048097538062468538667893425689293490219370577801090612691914945,"Will MegaETH launch a token by June 30, 2026?",4,667,217,0.053687653578894934,-0.020981370849127632,0.03260313742184958,0.34328358208955223,0.5,2.9183396900665337,WEAK,passed,248.45833333333334,100k-1m,10k-100k
52,XRP,1823900,will-xrp-reach-2pt4-in-april-2026,6907787482165930535735013797025597365762483807798181321474369791814479389352,Will XRP reach $2.40 in April?,4,413,103,0.03504411752904084,-0.04742525724513086,0.02816796694476867,0.3880597014925373,0.5,2.7870068832405797,WEAK,passed,3.4166666666666665,10k-100k,10k-100k
53,BTC,701504,will-bitcoin-dip-to-25000-by-december-31-2026-948-243-253-666-115-787-981-282-573-719-186-417-762-754-486-851-278-145,58908160299895538838177673280060816284346493901538403975218911918392404378292,"Will Bitcoin dip to $25,000 by December 31, 2026?",24,517,72,-0.05342015965285898,0.015957644870408638,-0.028422454439684053,0.48258706467661694,0.5,2.6146140949988093,WEAK,passed,249.29166666666666,100k-1m,10k-100k
54,ETH,1823800,will-ethereum-dip-to-1800-in-april-2026,88623813947148129759226599572615258910454701043061032464667581751883927272067,"Will Ethereum dip to $1,800 in April?",24,244,141,0.050908982565441456,-0.014819136296035238,0.04523144388986894,0.3781094527363184,0.75,2.555876776007539,WEAK,passed,4.25,100k-1m,10k-100k
55,ETH,1823800,will-ethereum-dip-to-1800-in-april-2026,88623813947148129759226599572615258910454701043061032464667581751883927272067,"Will Ethereum dip to $1,800 in April?",4,264,153,-0.04698757839438642,0.09069376916429021,-0.03704209667349325,0.46766169154228854,0.5,2.5461454627368743,WEAK,passed,3.4166666666666665,100k-1m,10k-100k
56,ETH,1823794,will-ethereum-reach-3000-in-april-2026,98694887273478515891138203442549017191281454470497426834485838288268569808164,"Will Ethereum reach $3,000 in April?",4,399,220,0.030721890449915693,-0.07376408528502928,0.021415436127066454,0.5671641791044776,0.5,2.5324920682161913,WEAK,passed,3.4166666666666665,100k-1m,100k-1m
57,ETH,1823800,will-ethereum-dip-to-1800-in-april-2026,88623813947148129759226599572615258910454701043061032464667581751883927272067,"Will Ethereum dip to $1,800 in April?",1,267,156,-0.053700312426010366,0.04709142321505714,-0.042968520024977315,0.39303482587064675,0.5,2.483387464333992,WEAK,passed,3.2916666666666665,100k-1m,10k-100k
58,BTC,948958,bitcoin-all-time-high-by-december-31-2026,102959890468928530190954086704155483076852880798676895426376704430618826404382,"Bitcoin all time high by December 31, 2026?",1,336,64,0.04616454660741863,-0.13198332249464192,0.015359244357822386,0.736318407960199,0.5,2.3592797965528116,WEAK,passed,248.33333333333334,100k-1m,10k-100k
59,BTC,1345530,will-bitcoin-reach-80000-by-december-31-2026-195-842-488-785,57919935471407397521237084573781793510659396827525482575585173092467716045100,"Will Bitcoin reach $80,000 by December 31, 2026?",24,609,333,0.044659098940565994,-0.008968159532723185,0.020260757742656177,0.6019900497512438,0.5,2.340860698161128,WEAK,passed,249.29166666666666,100k-1m,10k-100k
60,BTC,1823786,will-bitcoin-dip-to-30k-in-april-2026-724-192,84771301702351303074871180279903621715509085776274806851229789863791098403148,"Will Bitcoin dip to $30,000 in April?",1,268,29,0.051606076603039355,-0.031431499774363846,0.03975949568726719,0.5124378109452736,0.6666666666666666,2.3349485436479385,WEAK,passed,3.2916666666666665,100k-1m,100k-1m
61,BTC,701491,will-bitcoin-reach-150000-by-december-31-2026-557-246-971,9408196828451163378822245032645030045707991112669125056198742225498158094445,"Will Bitcoin reach $150,000 by December 31, 2026?",1,396,49,0.019421769225374003,-0.05618713731683368,-0.013423116975610725,0.7761194029850746,0.75,2.270696880614019,WEAK,passed,248.33333333333334,100k-1m,10k-100k
62,BTC,692258,microstrategy-sells-any-bitcoin-by-june-30-2026,110251828161543119357013227499774714771527179764174739487025581227481937033858,"MicroStrategy sells any Bitcoin by June 30, 2026?",24,334,90,0.032818079096176095,-0.19266970483244047,-0.003974301186658344,0.945273631840796,0.5,2.2408012604806102,WEAK,passed,65.25,100k-1m,10k-100k
63,BTC,1823785,will-bitcoin-dip-to-35k-in-april-2026-269-515,55866919730905441060316639913713252112909337594136306040264616999652467664982,"Will Bitcoin dip to $35,000 in April?",4,307,43,0.041742308447866514,-0.007177838514498414,0.032619227634516516,0.4577114427860697,0.5,2.2344663070003525,WEAK,passed,3.4166666666666665,100k-1m,100k-1m
64,XRP,1823900,will-xrp-reach-2pt4-in-april-2026,6907787482165930535735013797025597365762483807798181321474369791814479389352,Will XRP reach $2.40 in April?,24,393,100,0.024196218343107652,-0.06765841761164522,0.019698783115513863,0.572139303482587,0.25,2.230013481093052,WEAK,passed,4.25,10k-100k,10k-100k
65,ETH,1383662,will-megaeth-launch-a-token-by-june-30-2026-676-993-477,29601542826076048097538062468538667893425689293490219370577801090612691914945,"Will MegaETH launch a token by June 30, 2026?",24,647,215,0.015900867130370797,-0.04926972063108322,-0.012204570462754279,0.7711442786069652,0.5,2.2040600459414854,WEAK,passed,249.29166666666666,100k-1m,10k-100k
66,BTC,692258,microstrategy-sells-any-bitcoin-by-june-30-2026,110251828161543119357013227499774714771527179764174739487025581227481937033858,"MicroStrategy sells any Bitcoin by June 30, 2026?",4,354,91,-0.039686153083842476,0.11038041569114346,-0.014430269512212936,0.8159203980099502,0.5,2.1280612824358167,WEAK,passed,64.41666666666667,100k-1m,10k-100k
67,BTC,1823785,will-bitcoin-dip-to-35k-in-april-2026-269-515,55866919730905441060316639913713252112909337594136306040264616999652467664982,"Will Bitcoin dip to $35,000 in April?",24,287,41,-0.028243049815520796,0.0505415259250697,-0.02193347497799212,0.6069651741293532,0.5,2.112777281366642,WEAK,passed,4.25,100k-1m,100k-1m
68,ETH,1823795,will-ethereum-reach-2800-in-april-2026,103455081209713767851750094101142549597038869631663604903086082563273644697340,"Will Ethereum reach $2,800 in April?",4,532,368,0.013138403550563732,-0.06348783148545936,0.005103781648230708,0.8656716417910447,0.5,2.086095873845207,WEAK,passed,3.4166666666666665,100k-1m,10k-100k
69,ETH,701552,will-ethereum-dip-to-1500-by-december-31-2026,101639751789549589765350117072740510018809594718571111931328241076831078702528,"Will Ethereum dip to $1,500 by December 31, 2026?",4,410,112,0.025185863602680113,-0.008692197271112421,0.012621843984157907,0.7661691542288557,0.75,2.081122677897851,WEAK,passed,248.45833333333334,100k-1m,10k-100k
70,ETH,1823795,will-ethereum-reach-2800-in-april-2026,103455081209713767851750094101142549597038869631663604903086082563273644697340,"Will Ethereum reach $2,800 in April?",1,535,369,0.0158200356436339,-0.07068670988067083,0.00677840095904216,0.8905472636815921,0.5,2.07233902204017,WEAK,passed,3.2916666666666665,100k-1m,10k-100k
71,SOL,1823881,will-solana-reach-160-in-april-2026,2239666445220242421622333852346062404205114740031545382107437837927896782621,Will Solana reach $160 in April?,1,427,95,0.017870560379851984,-0.10722578564722789,0.0051858469138065634,0.9203980099502488,0.5,2.049332908335642,WEAK,passed,3.2916666666666665,100k-1m,10k-100k
72,BTC,701492,will-bitcoin-reach-140000-by-december-31-2026-131-829-299,71296910957902084356560391757722633648005498400799774895345285101862220728868,"Will Bitcoin reach $140,000 by December 31, 2026?",24,333,45,-0.006778518402806861,0.10350170755138079,0.019700983902290928,0.7512437810945274,0.3333333333333333,2.0143543089011824,WEAK,passed,249.29166666666666,10k-100k,10k-100k
73,ETH,1383662,will-megaeth-launch-a-token-by-june-30-2026-676-993-477,29601542826076048097538062468538667893425689293490219370577801090612691914945,"Will MegaETH launch a token by June 30, 2026?",1,670,218,-0.03241849478730679,0.08407355355122112,-0.0018131361874005564,0.9552238805970149,0.5,2.009920006562076,WEAK,passed,248.33333333333334,100k-1m,10k-100k
74,BTC,1823779,will-bitcoin-dip-to-65k-in-april-2026-355-765,91891168804884935930999247357727984305771756132991676079520973027739343180431,"Will Bitcoin dip to $65,000 in April?",4,491,320,-0.009198299497953916,0.013002218408692598,-0.006347602635912528,0.900497512437811,0.75,1.996016067167841,WEAK,passed,3.4166666666666665,>=1m,100k-1m
75,BTC,665258,will-china-unban-bitcoin-by-2027,91810646921497227084241579668235102205462718984593674693010693975258849328842,Will China unban Bitcoin by 2027?,4,577,108,-0.0084713605957762,0.02877826318818707,0.008958690921568322,0.8308457711442786,0.5,1.9821997736523782,WEAK,passed,247.25,10k-100k,10k-100k
76,ETH,1823794,will-ethereum-reach-3000-in-april-2026,98694887273478515891138203442549017191281454470497426834485838288268569808164,"Will Ethereum reach $3,000 in April?",24,379,210,-0.022277956216603105,0.015234809446284771,-0.017270323524898955,0.681592039800995,0.5,1.9709899676294338,WEAK,passed,4.25,100k-1m,100k-1m
77,BTC,1339767,will-bitcoin-dip-to-50000-by-december-31-2026-454-325-222-878-949-487-451,13887983551129862992605123088744175927084435631400400451585519366058907542147,"Will Bitcoin dip to $50,000 by December 31, 2026?",24,542,212,0.0314532811829573,-0.04673499933912697,0.0028326366518854184,0.9502487562189055,0.5,1.833177484257824,WEAK,passed,249.29166666666666,100k-1m,10k-100k
78,BTC,701495,will-bitcoin-reach-110000-by-december-31-2026-658-339-969,74843373582432484858627201602003648342208168490128239235522790524493414154441,"Will Bitcoin reach $110,000 by December 31, 2026?",4,564,157,-0.008830532056386618,0.015903094497782145,-0.00012534555445780645,1.0,0.75,1.8295154724889107,WEAK,passed,248.45833333333334,100k-1m,10k-100k
79,BTC,701495,will-bitcoin-reach-110000-by-december-31-2026-658-339-969,74843373582432484858627201602003648342208168490128239235522790524493414154441,"Will Bitcoin reach $110,000 by December 31, 2026?",24,544,154,-0.021606911863766187,0.027802858423129986,-0.004483333733515358,0.9054726368159204,0.5,1.828069018483809,WEAK,passed,249.29166666666666,100k-1m,10k-100k
80,ETH,1373744,megaeth-market-cap-fdv-800m-one-day-after-launch-987-114-655,61268780060811317912125567165718241493378747385698282791855508063291413917546,MegaETH market cap (FDV) >$800M one day after launch?,4,303,136,0.011571896915476734,-0.03096154985368493,0.009275925371022323,0.8706467661691543,0.75,1.7695142169301161,WEAK,passed,64.41666666666667,100k-1m,100k-1m
81,ETH,1823799,will-ethereum-dip-to-2000-in-april-2026,115443844896518160070261607488184121309794437412699113546532889479676113001808,"Will Ethereum dip to $2,000 in April?",4,294,267,-0.008047543944330162,0.11479904302189901,0.001075677331941284,0.9850746268656716,0.5,1.691845961378152,WEAK,passed,3.4166666666666665,100k-1m,10k-100k
82,BTC,701491,will-bitcoin-reach-150000-by-december-31-2026-557-246-971,9408196828451163378822245032645030045707991112669125056198742225498158094445,"Will Bitcoin reach $150,000 by December 31, 2026?",24,373,49,0.04090116021892814,-0.05330931663792339,-0.0027739401198734466,0.9253731343283582,0.5,1.6618003145329006,WEAK,passed,249.29166666666666,100k-1m,10k-100k
83,ETH,1373744,megaeth-market-cap-fdv-800m-one-day-after-launch-987-114-655,61268780060811317912125567165718241493378747385698282791855508063291413917546,MegaETH market cap (FDV) >$800M one day after launch?,1,306,136,-0.03030354913042599,0.0333626239201263,-0.014338579734738004,0.7562189054726368,0.25,1.5163753086553577,WEAK,passed,64.29166666666667,100k-1m,100k-1m
84,ETH,1823796,will-ethereum-reach-2600-in-april-2026,50308948122998050994686144925841639946050360545921215447281194779092729393480,"Will Ethereum reach $2,600 in April?",24,241,164,0.011917617004061291,-0.04642961879992632,0.00790048589573245,0.9054726368159204,0.5,1.4032028203677909,WEAK,passed,4.25,100k-1m,10k-100k
85,BTC,824952,microstrategy-sells-any-bitcoin-by-december-31-2026,111128191581505463501777127559667396812474366956707382672202929745167742497287,"MicroStrategy sells any Bitcoin by December 31, 2026?",24,313,47,-0.0015157520332661197,0.06419942152118553,-0.0013898523197469835,0.9900497512437811,0.3333333333333333,1.3002309384516986,WEAK,passed,65.25,100k-1m,10k-100k
86,BTC,824952,microstrategy-sells-any-bitcoin-by-december-31-2026,111128191581505463501777127559667396812474366956707382672202929745167742497287,"MicroStrategy sells any Bitcoin by December 31, 2026?",4,333,47,-0.1127830687655622,,-0.09625570071263649,0.09950248756218906,0.6666666666666666,3.1336616915422884,REJECTED,passed,64.41666666666667,100k-1m,10k-100k
87,BTC,824952,microstrategy-sells-any-bitcoin-by-december-31-2026,111128191581505463501777127559667396812474366956707382672202929745167742497287,"MicroStrategy sells any Bitcoin by December 31, 2026?",1,336,47,0.023043546981973032,,0.017703246397264637,0.7611940298507462,0.3333333333333333,1.4829452736318407,REJECTED,passed,64.29166666666667,100k-1m,10k-100k
88,BTC,701493,will-bitcoin-reach-130000-by-december-31-2026-756-151-855,106722178102302988256241610384561546855057790384749278490135208236665942286983,"Will Bitcoin reach $130,000 by December 31, 2026?",1,688,64,,,,1.0,0.0,0.0,REJECTED,flat_probability,248.33333333333334,100k-1m,10k-100k
89,BTC,701493,will-bitcoin-reach-130000-by-december-31-2026-756-151-855,106722178102302988256241610384561546855057790384749278490135208236665942286983,"Will Bitcoin reach $130,000 by December 31, 2026?",4,685,64,,,,1.0,0.0,0.0,REJECTED,flat_probability,248.45833333333334,100k-1m,10k-100k
90,BTC,701493,will-bitcoin-reach-130000-by-december-31-2026-756-151-855,106722178102302988256241610384561546855057790384749278490135208236665942286983,"Will Bitcoin reach $130,000 by December 31, 2026?",24,665,63,,,,1.0,0.0,0.0,REJECTED,flat_probability,249.29166666666666,100k-1m,10k-100k
91,ETH,1299187,megaeth-market-cap-fdv-1pt5b-one-day-after-launch-371-844-879-681,59361386662140736273790755583050126642583489495616165418126619457111736694733,MegaETH market cap (FDV) >$1.5B one day after launch?,1,604,170,,,,1.0,0.0,0.0,REJECTED,too_close_to_resolution,-117.875,100k-1m,100k-1m
92,ETH,1299187,megaeth-market-cap-fdv-1pt5b-one-day-after-launch-371-844-879-681,59361386662140736273790755583050126642583489495616165418126619457111736694733,MegaETH market cap (FDV) >$1.5B one day after launch?,4,601,168,,,,1.0,0.0,0.0,REJECTED,too_close_to_resolution,-117.75,100k-1m,100k-1m
93,ETH,1299187,megaeth-market-cap-fdv-1pt5b-one-day-after-launch-371-844-879-681,59361386662140736273790755583050126642583489495616165418126619457111736694733,MegaETH market cap (FDV) >$1.5B one day after launch?,24,581,162,,,,1.0,0.0,0.0,REJECTED,too_close_to_resolution,-116.91666666666667,100k-1m,100k-1m
94,BTC,1393070,will-bitcoin-reach-1000000-by-december-31-2026-946,18571303954259773157233385333455041418270179723020753158306812650937565180666,"Will Bitcoin reach $1,000,000 by December 31, 2026?",1,529,39,,,,1.0,0.0,0.0,REJECTED,flat_probability,248.33333333333334,100k-1m,100k-1m
95,BTC,1393070,will-bitcoin-reach-1000000-by-december-31-2026-946,18571303954259773157233385333455041418270179723020753158306812650937565180666,"Will Bitcoin reach $1,000,000 by December 31, 2026?",4,526,38,,,,1.0,0.0,0.0,REJECTED,flat_probability,248.45833333333334,100k-1m,100k-1m
96,BTC,1393070,will-bitcoin-reach-1000000-by-december-31-2026-946,18571303954259773157233385333455041418270179723020753158306812650937565180666,"Will Bitcoin reach $1,000,000 by December 31, 2026?",24,506,38,,,,1.0,0.0,0.0,REJECTED,flat_probability,249.29166666666666,100k-1m,100k-1m
97,BTC,1823771,will-bitcoin-reach-105k-in-april-2026,5855998775638456008143009293415543579001929689452953587667154608243793082021,"Will Bitcoin reach $105,000 in April?",1,456,43,,,,1.0,0.0,0.0,REJECTED,flat_probability,3.2916666666666665,100k-1m,10k-100k
98,BTC,1823771,will-bitcoin-reach-105k-in-april-2026,5855998775638456008143009293415543579001929689452953587667154608243793082021,"Will Bitcoin reach $105,000 in April?",4,453,43,,,,1.0,0.0,0.0,REJECTED,flat_probability,3.4166666666666665,100k-1m,10k-100k
99,BTC,1823771,will-bitcoin-reach-105k-in-april-2026,5855998775638456008143009293415543579001929689452953587667154608243793082021,"Will Bitcoin reach $105,000 in April?",24,433,42,,,,1.0,0.0,0.0,REJECTED,flat_probability,4.25,100k-1m,10k-100k
100,ETH,556062,megaeth-market-cap-fdv-2b-one-day-after-launch-738-867-649-272-765-733,57301498276970257025109591078431189727442302532145853906375186182281603517458,MegaETH market cap (FDV) >$2B one day after launch?,1,368,148,,,,1.0,0.0,0.0,REJECTED,too_close_to_resolution,-117.875,>=1m,100k-1m
101,ETH,556062,megaeth-market-cap-fdv-2b-one-day-after-launch-738-867-649-272-765-733,57301498276970257025109591078431189727442302532145853906375186182281603517458,MegaETH market cap (FDV) >$2B one day after launch?,4,365,148,,,,1.0,0.0,0.0,REJECTED,too_close_to_resolution,-117.75,>=1m,100k-1m
102,ETH,556062,megaeth-market-cap-fdv-2b-one-day-after-launch-738-867-649-272-765-733,57301498276970257025109591078431189727442302532145853906375186182281603517458,MegaETH market cap (FDV) >$2B one day after launch?,24,345,139,,,,1.0,0.0,0.0,REJECTED,too_close_to_resolution,-116.91666666666667,>=1m,100k-1m
103,ETH,1823808,will-ethereum-dip-to-200-in-april-2026,45066766949965778603315663573010696695673430548613485477519584798737825506732,Will Ethereum dip to $200 in April?,1,287,9,,,,1.0,0.0,0.0,REJECTED,flat_probability,3.2916666666666665,100k-1m,100k-1m
104,ETH,1823808,will-ethereum-dip-to-200-in-april-2026,45066766949965778603315663573010696695673430548613485477519584798737825506732,Will Ethereum dip to $200 in April?,4,284,9,,,,1.0,0.0,0.0,REJECTED,flat_probability,3.4166666666666665,100k-1m,100k-1m
105,BTC,1823769,will-bitcoin-reach-150k-in-april-2026,77276629954845974131206708639482331195080176051253233339450147891178665959820,"Will Bitcoin reach $150,000 in April?",1,268,10,,,,1.0,0.0,0.0,REJECTED,flat_probability,3.2916666666666665,>=1m,100k-1m
106,BTC,1823769,will-bitcoin-reach-150k-in-april-2026,77276629954845974131206708639482331195080176051253233339450147891178665959820,"Will Bitcoin reach $150,000 in April?",4,265,10,,,,1.0,0.0,0.0,REJECTED,flat_probability,3.4166666666666665,>=1m,100k-1m
107,ETH,1823808,will-ethereum-dip-to-200-in-april-2026,45066766949965778603315663573010696695673430548613485477519584798737825506732,Will Ethereum dip to $200 in April?,24,264,9,,,,1.0,0.0,0.0,REJECTED,flat_probability,4.25,100k-1m,100k-1m
108,BTC,1823769,will-bitcoin-reach-150k-in-april-2026,77276629954845974131206708639482331195080176051253233339450147891178665959820,"Will Bitcoin reach $150,000 in April?",24,245,10,,,,1.0,0.0,0.0,REJECTED,flat_probability,4.25,>=1m,100k-1m
109,ETH,1473059,will-ethereum-reach-3200-in-march-2026,109032826224197715026334794225382473216036340732102671964821699411734124191297,"Will Ethereum reach $3,200 in March?",1,100,3,,,,1.0,0.0,0.0,REJECTED,flat_probability,-0.08333333333333333,100k-1m,unknown
110,ETH,1473059,will-ethereum-reach-3200-in-march-2026,109032826224197715026334794225382473216036340732102671964821699411734124191297,"Will Ethereum reach $3,200 in March?",4,97,3,,,,1.0,0.0,0.0,REJECTED,flat_probability,0.041666666666666664,100k-1m,unknown
111,ETH,1473059,will-ethereum-reach-3200-in-march-2026,109032826224197715026334794225382473216036340732102671964821699411734124191297,"Will Ethereum reach $3,200 in March?",24,77,3,,,,1.0,0.0,0.0,REJECTED,flat_probability,1.0,100k-1m,unknown
112,SOL,1938186,solana-above-90-on-april-17,78049396186231898492663494001134050059411966497302094454855717401716270526313,Will the price of Solana be above $90 on April 17?,1,55,41,,,,1.0,0.0,0.0,REJECTED,insufficient_samples,-0.08333333333333333,10k-100k,unknown
113,SOL,1938186,solana-above-90-on-april-17,78049396186231898492663494001134050059411966497302094454855717401716270526313,Will the price of Solana be above $90 on April 17?,4,52,39,,,,1.0,0.0,0.0,REJECTED,insufficient_samples,0.20833333333333334,10k-100k,unknown
114,ETH,1683284,ethereum-above-1800-on-march-29,109094156621519541870699273583786238236341299511399201395427426376752624557399,"Will the price of Ethereum be above $1,800 on March 29?",1,42,31,,,,1.0,0.0,0.0,REJECTED,insufficient_samples,-0.041666666666666664,10k-100k,unknown
115,BTC,1756103,bitcoin-up-or-down-march-30-2026-5am-et,104148078587508844353349920933756688218237557006821345106795482220576723212955,"Bitcoin Up or Down - March 30, 5AM ET",1,41,3,,,,1.0,0.0,0.0,REJECTED,insufficient_samples,0.0,10k-100k,unknown
116,ETH,1683284,ethereum-above-1800-on-march-29,109094156621519541870699273583786238236341299511399201395427426376752624557399,"Will the price of Ethereum be above $1,800 on March 29?",4,39,31,,,,1.0,0.0,0.0,REJECTED,insufficient_samples,0.08333333333333333,10k-100k,unknown
117,BTC,1756103,bitcoin-up-or-down-march-30-2026-5am-et,104148078587508844353349920933756688218237557006821345106795482220576723212955,"Bitcoin Up or Down - March 30, 5AM ET",4,38,0,,,,1.0,0.0,0.0,REJECTED,insufficient_samples,0.16666666666666666,10k-100k,unknown
118,SOL,1938186,solana-above-90-on-april-17,78049396186231898492663494001134050059411966497302094454855717401716270526313,Will the price of Solana be above $90 on April 17?,24,32,24,,,,1.0,0.0,0.0,REJECTED,insufficient_samples,2.5,10k-100k,unknown
119,BTC,1788572,btc-updown-15m-1774943100,70386336306053591064901572670098149083024741986290800457524940079061783285886,"Bitcoin Up or Down - March 31, 3:45AM-4:00AM ET",1,23,1,,,,1.0,0.0,0.0,REJECTED,insufficient_samples,0.041666666666666664,10k-100k,unknown
120,BTC,1773774,btc-updown-15m-1774862100,103407186728358881041895586520326247282254179365838055070220251644719004484191,"Bitcoin Up or Down - March 30, 5:15AM-5:30AM ET",1,22,2,,,,1.0,0.0,0.0,REJECTED,insufficient_samples,0.0625,10k-100k,unknown
121,BTC,1812655,btc-updown-15m-1775090700,72061475874222420159890516473736860209868687239449654739186189927541936138758,"Bitcoin Up or Down - April 1, 8:45PM-9:00PM ET",1,22,3,,,,1.0,0.0,0.0,REJECTED,insufficient_samples,0.041666666666666664,10k-100k,unknown
122,BTC,2052691,btc-updown-15m-1776952800,51694788479468158169664500118259336038053359890918771121580421126680980037164,"Bitcoin Up or Down - April 23, 10:00AM-10:15AM ET",1,22,0,,,,1.0,0.0,0.0,REJECTED,insufficient_samples,0.052083333333333336,10k-100k,unknown
123,BTC,2069166,btc-updown-15m-1777132800,65244762073750236516161362318362881856456784328043762117285211279363068231679,"Bitcoin Up or Down - April 25, 12:00PM-12:15PM ET",1,22,0,,,,1.0,0.0,0.0,REJECTED,insufficient_samples,0.052083333333333336,10k-100k,unknown
124,BTC,2083722,btc-updown-15m-1777271400,114745559876334374381493753876847836713172541829271680284066342831910273893773,"Bitcoin Up or Down - April 27, 2:30AM-2:45AM ET",1,22,0,,,,1.0,0.0,0.0,REJECTED,insufficient_samples,0.07291666666666667,10k-100k,unknown
125,BTC,1765600,btc-updown-5m-1774815000,17574681085863998596045048551160769091717756293317102431511107137990536003739,"Bitcoin Up or Down - March 29, 4:10PM-4:15PM ET",1,22,0,,,,1.0,0.0,0.0,REJECTED,insufficient_samples,0.052083333333333336,10k-100k,unknown
126,BTC,1773180,btc-updown-5m-1774858800,27447718362414934066594604009165057600587117359409496188839837767218855278210,"Bitcoin Up or Down - March 30, 4:20AM-4:25AM ET",1,22,0,,,,1.0,0.0,0.0,REJECTED,insufficient_samples,0.059027777777777776,10k-100k,unknown
127,BTC,2056631,btc-updown-5m-1777001100,114098843164380392617106259609610594721239428226488170403105687347708108392631,"Bitcoin Up or Down - April 23, 11:25PM-11:30PM ET",1,22,0,,,,1.0,0.0,0.0,REJECTED,insufficient_samples,0.0625,10k-100k,unknown
128,BTC,2061847,btc-updown-5m-1777052100,102279224143306672637763924628226222696455310398243341903303781647826915742883,"Bitcoin Up or Down - April 24, 1:35PM-1:40PM ET",1,22,0,,,,1.0,0.0,0.0,REJECTED,insufficient_samples,0.06944444444444445,10k-100k,unknown
129,BTC,2072904,btc-updown-5m-1777162200,48526543975601377841024726035848939204054125681647437804711064393765280542352,"Bitcoin Up or Down - April 25, 8:10PM-8:15PM ET",1,22,0,,,,1.0,0.0,0.0,REJECTED,insufficient_samples,0.052083333333333336,10k-100k,unknown
130,BTC,1767109,btc-updown-15m-1774822500,13734088091109920508748296153204266020019170311543912253511724501898985502196,"Bitcoin Up or Down - March 29, 6:15PM-6:30PM ET",1,21,1,,,,1.0,0.0,0.0,REJECTED,insufficient_samples,0.10416666666666667,10k-100k,unknown
131,BTC,1923072,btc-updown-5m-1775778000,57851288819914919360707403210474219073096406982345094080590849850647043110982,"Bitcoin Up or Down - April 9, 7:40PM-7:45PM ET",1,21,0,,,,1.0,0.0,0.0,REJECTED,insufficient_samples,0.07291666666666667,10k-100k,unknown
132,BTC,2081390,btc-updown-5m-1777250700,1418762359442452924309032729015018227181435881141722385336665725024606160607,"Bitcoin Up or Down - April 26, 8:45PM-8:50PM ET",1,21,0,,,,1.0,0.0,0.0,REJECTED,insufficient_samples,0.0763888888888889,10k-100k,unknown
133,BTC,1788572,btc-updown-15m-1774943100,70386336306053591064901572670098149083024741986290800457524940079061783285886,"Bitcoin Up or Down - March 31, 3:45AM-4:00AM ET",4,20,0,,,,1.0,0.0,0.0,REJECTED,insufficient_samples,0.16666666666666666,10k-100k,unknown
134,BTC,1817112,btc-updown-5m-1775143800,103215022778706138443843655408624294488288916324664053627274461783148934728655,"Bitcoin Up or Down - April 2, 11:30AM-11:35AM ET",1,20,1,,,,1.0,0.0,0.0,REJECTED,insufficient_samples,0.1076388888888889,10k-100k,unknown
135,BTC,1827758,btc-updown-5m-1775211300,62449307466362018368732324400164818672964904657476474057930701784311260089964,"Bitcoin Up or Down - April 3, 6:15AM-6:20AM ET",1,20,0,,,,1.0,0.0,0.0,REJECTED,insufficient_samples,0.05555555555555555,10k-100k,unknown
136,BTC,1887591,btc-updown-5m-1775538600,6961382585715663565981790420362426348140666071773346471008950111324037227760,"Bitcoin Up or Down - April 7, 1:10AM-1:15AM ET",1,20,0,,,,1.0,0.0,0.0,REJECTED,insufficient_samples,0.052083333333333336,10k-100k,unknown
137,BTC,1773774,btc-updown-15m-1774862100,103407186728358881041895586520326247282254179365838055070220251644719004484191,"Bitcoin Up or Down - March 30, 5:15AM-5:30AM ET",4,19,1,,,,1.0,0.0,0.0,REJECTED,insufficient_samples,0.1875,10k-100k,unknown
138,BTC,1812655,btc-updown-15m-1775090700,72061475874222420159890516473736860209868687239449654739186189927541936138758,"Bitcoin Up or Down - April 1, 8:45PM-9:00PM ET",4,19,2,,,,1.0,0.0,0.0,REJECTED,insufficient_samples,0.20833333333333334,10k-100k,unknown
139,BTC,2052691,btc-updown-15m-1776952800,51694788479468158169664500118259336038053359890918771121580421126680980037164,"Bitcoin Up or Down - April 23, 10:00AM-10:15AM ET",4,19,0,,,,1.0,0.0,0.0,REJECTED,insufficient_samples,0.17708333333333334,10k-100k,unknown
140,BTC,2069166,btc-updown-15m-1777132800,65244762073750236516161362318362881856456784328043762117285211279363068231679,"Bitcoin Up or Down - April 25, 12:00PM-12:15PM ET",4,19,0,,,,1.0,0.0,0.0,REJECTED,insufficient_samples,0.17708333333333334,10k-100k,unknown
141,BTC,2083722,btc-updown-15m-1777271400,114745559876334374381493753876847836713172541829271680284066342831910273893773,"Bitcoin Up or Down - April 27, 2:30AM-2:45AM ET",4,19,0,,,,1.0,0.0,0.0,REJECTED,insufficient_samples,0.19791666666666666,10k-100k,unknown
142,BTC,1765600,btc-updown-5m-1774815000,17574681085863998596045048551160769091717756293317102431511107137990536003739,"Bitcoin Up or Down - March 29, 4:10PM-4:15PM ET",4,19,0,,,,1.0,0.0,0.0,REJECTED,insufficient_samples,0.17708333333333334,10k-100k,unknown
143,BTC,1773180,btc-updown-5m-1774858800,27447718362414934066594604009165057600587117359409496188839837767218855278210,"Bitcoin Up or Down - March 30, 4:20AM-4:25AM ET",4,19,0,,,,1.0,0.0,0.0,REJECTED,insufficient_samples,0.1840277777777778,10k-100k,unknown
144,BTC,1913245,btc-updown-5m-1775692200,106529058202861519545346098090501042364633253449074113934844807681456464528636,"Bitcoin Up or Down - April 8, 7:50PM-7:55PM ET",1,19,0,,,,1.0,0.0,0.0,REJECTED,insufficient_samples,0.0798611111111111,10k-100k,unknown
145,BTC,2002521,btc-updown-5m-1776467100,77478762726615793941515224154212059332636196447323091230789935647683899391647,"Bitcoin Up or Down - April 17, 7:05PM-7:10PM ET",1,19,0,,,,1.0,0.0,0.0,REJECTED,insufficient_samples,0.04861111111111111,10k-100k,unknown
146,BTC,2056631,btc-updown-5m-1777001100,114098843164380392617106259609610594721239428226488170403105687347708108392631,"Bitcoin Up or Down - April 23, 11:25PM-11:30PM ET",4,19,0,,,,1.0,0.0,0.0,REJECTED,insufficient_samples,0.1875,10k-100k,unknown
147,BTC,2061847,btc-updown-5m-1777052100,102279224143306672637763924628226222696455310398243341903303781647826915742883,"Bitcoin Up or Down - April 24, 1:35PM-1:40PM ET",4,19,0,,,,1.0,0.0,0.0,REJECTED,insufficient_samples,0.19444444444444445,10k-100k,unknown
148,BTC,2072904,btc-updown-5m-1777162200,48526543975601377841024726035848939204054125681647437804711064393765280542352,"Bitcoin Up or Down - April 25, 8:10PM-8:15PM ET",4,19,0,,,,1.0,0.0,0.0,REJECTED,insufficient_samples,0.17708333333333334,10k-100k,unknown
149,ETH,1683284,ethereum-above-1800-on-march-29,109094156621519541870699273583786238236341299511399201395427426376752624557399,"Will the price of Ethereum be above $1,800 on March 29?",24,19,19,,,,1.0,0.0,0.0,REJECTED,insufficient_samples,0.9583333333333334,10k-100k,unknown
150,BTC,1756103,bitcoin-up-or-down-march-30-2026-5am-et,104148078587508844353349920933756688218237557006821345106795482220576723212955,"Bitcoin Up or Down - March 30, 5AM ET",24,18,0,,,,1.0,0.0,0.0,REJECTED,insufficient_samples,1.25,10k-100k,unknown
151,BTC,1767109,btc-updown-15m-1774822500,13734088091109920508748296153204266020019170311543912253511724501898985502196,"Bitcoin Up or Down - March 29, 6:15PM-6:30PM ET",4,18,1,,,,1.0,0.0,0.0,REJECTED,insufficient_samples,0.22916666666666666,10k-100k,unknown
152,BTC,1923072,btc-updown-5m-1775778000,57851288819914919360707403210474219073096406982345094080590849850647043110982,"Bitcoin Up or Down - April 9, 7:40PM-7:45PM ET",4,18,0,,,,1.0,0.0,0.0,REJECTED,insufficient_samples,0.19791666666666666,10k-100k,unknown
153,BTC,2081390,btc-updown-5m-1777250700,1418762359442452924309032729015018227181435881141722385336665725024606160607,"Bitcoin Up or Down - April 26, 8:45PM-8:50PM ET",4,18,0,,,,1.0,0.0,0.0,REJECTED,insufficient_samples,0.2013888888888889,10k-100k,unknown
154,BTC,1887945,btc-updown-15m-1775540700,16961557276914865883353812367965959478026525987133759468714708630998657233733,"Bitcoin Up or Down - April 7, 1:45AM-2:00AM ET",1,17,2,,,,1.0,0.0,0.0,REJECTED,insufficient_samples,0.125,10k-100k,unknown
155,BTC,1817112,btc-updown-5m-1775143800,103215022778706138443843655408624294488288916324664053627274461783148934728655,"Bitcoin Up or Down - April 2, 11:30AM-11:35AM ET",4,17,1,,,,1.0,0.0,0.0,REJECTED,insufficient_samples,0.2326388888888889,10k-100k,unknown
156,BTC,1827758,btc-updown-5m-1775211300,62449307466362018368732324400164818672964904657476474057930701784311260089964,"Bitcoin Up or Down - April 3, 6:15AM-6:20AM ET",4,17,0,,,,1.0,0.0,0.0,REJECTED,insufficient_samples,0.18055555555555555,10k-100k,unknown
157,BTC,1887591,btc-updown-5m-1775538600,6961382585715663565981790420362426348140666071773346471008950111324037227760,"Bitcoin Up or Down - April 7, 1:10AM-1:15AM ET",4,17,0,,,,1.0,0.0,0.0,REJECTED,insufficient_samples,0.17708333333333334,10k-100k,unknown
158,BTC,1913245,btc-updown-5m-1775692200,106529058202861519545346098090501042364633253449074113934844807681456464528636,"Bitcoin Up or Down - April 8, 7:50PM-7:55PM ET",4,16,0,,,,1.0,0.0,0.0,REJECTED,insufficient_samples,0.2048611111111111,10k-100k,unknown
159,BTC,1922953,btc-updown-5m-1775776800,87969112884343305190289191235211456779265131948021352640227414286284516015629,"Bitcoin Up or Down - April 9, 7:20PM-7:25PM ET",1,16,0,,,,1.0,0.0,0.0,REJECTED,insufficient_samples,0.059027777777777776,10k-100k,unknown
160,BTC,2002521,btc-updown-5m-1776467100,77478762726615793941515224154212059332636196447323091230789935647683899391647,"Bitcoin Up or Down - April 17, 7:05PM-7:10PM ET",4,16,0,,,,1.0,0.0,0.0,REJECTED,insufficient_samples,0.2152777777777778,10k-100k,unknown
161,BTC,1918787,btc-updown-15m-1775745900,98526939523670788706516362518896335968959011070983566967917731375922301932759,"Bitcoin Up or Down - April 9, 10:45AM-11:00AM ET",1,15,1,,,,1.0,0.0,0.0,REJECTED,insufficient_samples,0.08333333333333333,10k-100k,unknown
162,ETH,2041624,eth-updown-5m-1776845400,38328747178310920999893836581133314578005584951069136796985337035943864658169,"Ethereum Up or Down - April 22, 4:10AM-4:15AM ET",1,15,0,,,,1.0,0.0,0.0,REJECTED,insufficient_samples,0.052083333333333336,10k-100k,unknown
163,BTC,1887945,btc-updown-15m-1775540700,16961557276914865883353812367965959478026525987133759468714708630998657233733,"Bitcoin Up or Down - April 7, 1:45AM-2:00AM ET",4,14,2,,,,1.0,0.0,0.0,REJECTED,insufficient_samples,0.2916666666666667,10k-100k,unknown
164,BTC,1764378,btc-updown-5m-1774808400,90856252799365273842960800021642087848762029657266017906190112268841358648663,"Bitcoin Up or Down - March 29, 2:20PM-2:25PM ET",1,14,0,,,,1.0,0.0,0.0,REJECTED,insufficient_samples,0.1840277777777778,10k-100k,unknown
165,BTC,1822871,btc-updown-5m-1775181900,13072320647212050268306313706521107588246035294063445643757829206044192874296,"Bitcoin Up or Down - April 2, 10:05PM-10:10PM ET",1,14,0,,,,1.0,0.0,0.0,REJECTED,insufficient_samples,0.04861111111111111,10k-100k,unknown
166,BTC,1820574,btc-updown-5m-1775164500,97899616942439747228306747302961018655413862098988759294880569888212581607884,"Bitcoin Up or Down - April 2, 5:15PM-5:20PM ET",1,13,0,,,,1.0,0.0,0.0,REJECTED,insufficient_samples,0.09722222222222222,10k-100k,unknown
167,BTC,1922953,btc-updown-5m-1775776800,87969112884343305190289191235211456779265131948021352640227414286284516015629,"Bitcoin Up or Down - April 9, 7:20PM-7:25PM ET",4,13,0,,,,1.0,0.0,0.0,REJECTED,insufficient_samples,0.3923611111111111,10k-100k,unknown
168,BTC,1918787,btc-updown-15m-1775745900,98526939523670788706516362518896335968959011070983566967917731375922301932759,"Bitcoin Up or Down - April 9, 10:45AM-11:00AM ET",4,12,0,,,,1.0,0.0,0.0,REJECTED,insufficient_samples,0.25,10k-100k,unknown
169,ETH,2041624,eth-updown-5m-1776845400,38328747178310920999893836581133314578005584951069136796985337035943864658169,"Ethereum Up or Down - April 22, 4:10AM-4:15AM ET",4,12,0,,,,1.0,0.0,0.0,REJECTED,insufficient_samples,0.17708333333333334,10k-100k,unknown
170,BTC,1764378,btc-updown-5m-1774808400,90856252799365273842960800021642087848762029657266017906190112268841358648663,"Bitcoin Up or Down - March 29, 2:20PM-2:25PM ET",4,11,0,,,,1.0,0.0,0.0,REJECTED,insufficient_samples,0.4340277777777778,10k-100k,unknown
171,BTC,1822871,btc-updown-5m-1775181900,13072320647212050268306313706521107588246035294063445643757829206044192874296,"Bitcoin Up or Down - April 2, 10:05PM-10:10PM ET",4,11,0,,,,1.0,0.0,0.0,REJECTED,insufficient_samples,0.2569444444444444,10k-100k,unknown
172,BTC,1820574,btc-updown-5m-1775164500,97899616942439747228306747302961018655413862098988759294880569888212581607884,"Bitcoin Up or Down - April 2, 5:15PM-5:20PM ET",4,10,0,,,,1.0,0.0,0.0,REJECTED,insufficient_samples,0.2222222222222222,10k-100k,unknown
173,BTC,1897472,btc-updown-5m-1775600400,22599370910269115424149153877580251125336650413213583609364095382582159388478,"Bitcoin Up or Down - April 7, 6:20PM-6:25PM ET",1,10,0,,,,1.0,0.0,0.0,REJECTED,insufficient_samples,0.1840277777777778,10k-100k,unknown
174,BTC,1861642,btc-updown-5m-1775399400,76557757478120311021616027808007688388498741432321260730820358512489560168895,"Bitcoin Up or Down - April 5, 10:30AM-10:35AM ET",1,9,0,,,,1.0,0.0,0.0,REJECTED,insufficient_samples,0.06597222222222222,10k-100k,unknown
175,BTC,1998810,btc-updown-5m-1776429000,50116175953583947860307080014869644439399671152644579782112295437096927621748,"Bitcoin Up or Down - April 17, 8:30AM-8:35AM ET",1,9,0,,,,1.0,0.0,0.0,REJECTED,insufficient_samples,0.1076388888888889,10k-100k,unknown
176,BTC,2031663,btc-updown-5m-1776761100,20624766533044913003314907630201571274787305290305047312399837645415708457236,"Bitcoin Up or Down - April 21, 4:45AM-4:50AM ET",1,9,0,,,,1.0,0.0,0.0,REJECTED,insufficient_samples,0.11805555555555555,10k-100k,unknown
177,BTC,1774331,btc-updown-5m-1774866300,84070069951266903779001223967651240644159077238374072337458282738811392653485,"Bitcoin Up or Down - March 30, 6:25AM-6:30AM ET",1,7,0,,,,1.0,0.0,0.0,REJECTED,insufficient_samples,0.10416666666666667,10k-100k,unknown
178,BTC,1897472,btc-updown-5m-1775600400,22599370910269115424149153877580251125336650413213583609364095382582159388478,"Bitcoin Up or Down - April 7, 6:20PM-6:25PM ET",4,7,0,,,,1.0,0.0,0.0,REJECTED,insufficient_samples,0.3923611111111111,10k-100k,unknown
179,BTC,1930931,btc-updown-5m-1775854200,64971851974503024624556950752843316052486106610228129807974652746522120783957,"Bitcoin Up or Down - April 10, 4:50PM-4:55PM ET",1,7,0,,,,1.0,0.0,0.0,REJECTED,insufficient_samples,0.16319444444444445,10k-100k,unknown
180,BTC,1861642,btc-updown-5m-1775399400,76557757478120311021616027808007688388498741432321260730820358512489560168895,"Bitcoin Up or Down - April 5, 10:30AM-10:35AM ET",4,6,0,,,,1.0,0.0,0.0,REJECTED,insufficient_samples,0.3159722222222222,10k-100k,unknown
181,BTC,1967878,btc-updown-5m-1776161700,95287590458392919359615028946659727184736793112986342942812250830841909338648,"Bitcoin Up or Down - April 14, 6:15AM-6:20AM ET",1,6,0,,,,1.0,0.0,0.0,REJECTED,insufficient_samples,0.09722222222222222,10k-100k,unknown
182,BTC,1998810,btc-updown-5m-1776429000,50116175953583947860307080014869644439399671152644579782112295437096927621748,"Bitcoin Up or Down - April 17, 8:30AM-8:35AM ET",4,6,0,,,,1.0,0.0,0.0,REJECTED,insufficient_samples,0.3576388888888889,10k-100k,unknown
183,BTC,2031663,btc-updown-5m-1776761100,20624766533044913003314907630201571274787305290305047312399837645415708457236,"Bitcoin Up or Down - April 21, 4:45AM-4:50AM ET",4,6,0,,,,1.0,0.0,0.0,REJECTED,insufficient_samples,0.4930555555555556,10k-100k,unknown
184,BTC,2033236,btc-updown-5m-1776776700,1839350119352837032321404335544136096606911418758405009403772029645038497432,"Bitcoin Up or Down - April 21, 9:05AM-9:10AM ET",1,5,0,,,,1.0,0.0,0.0,REJECTED,insufficient_samples,0.2152777777777778,10k-100k,unknown
185,BTC,1797082,btc-updown-15m-1774994400,65611300189372268359883816995640612651775381157928304549705959904749555161624,"Bitcoin Up or Down - March 31, 6:00PM-6:15PM ET",1,4,0,,,,1.0,0.0,0.0,REJECTED,insufficient_samples,0.3020833333333333,10k-100k,unknown
186,BTC,1774331,btc-updown-5m-1774866300,84070069951266903779001223967651240644159077238374072337458282738811392653485,"Bitcoin Up or Down - March 30, 6:25AM-6:30AM ET",4,4,0,,,,1.0,0.0,0.0,REJECTED,insufficient_samples,0.6041666666666666,10k-100k,unknown
187,BTC,1900649,btc-updown-5m-1775616000,19664277310092080427560100864321041701614868906525161652201535032296275517903,"Bitcoin Up or Down - April 7, 10:40PM-10:45PM ET",1,4,0,,,,1.0,0.0,0.0,REJECTED,insufficient_samples,0.3229166666666667,10k-100k,unknown
188,BTC,1930931,btc-updown-5m-1775854200,64971851974503024624556950752843316052486106610228129807974652746522120783957,"Bitcoin Up or Down - April 10, 4:50PM-4:55PM ET",4,4,0,,,,1.0,0.0,0.0,REJECTED,insufficient_samples,0.3298611111111111,10k-100k,unknown
189,BTC,1998470,btc-updown-5m-1776425400,108068267617536766861142070024009775057299245094427540319317937292036585712494,"Bitcoin Up or Down - April 17, 7:30AM-7:35AM ET",1,4,0,,,,1.0,0.0,0.0,REJECTED,insufficient_samples,0.14930555555555555,10k-100k,unknown
190,BTC,1856721,btc-updown-15m-1775369700,94000478773748527251307978412257238745656698237739479140910484517456290997260,"Bitcoin Up or Down - April 5, 2:15AM-2:30AM ET",1,3,0,,,,1.0,0.0,0.0,REJECTED,insufficient_samples,0.10416666666666667,10k-100k,unknown
191,BTC,2030656,btc-updown-15m-1776748500,40704685979574352870784216201689105907217066814761414948598677249710302507666,"Bitcoin Up or Down - April 21, 1:15AM-1:30AM ET",1,3,0,,,,1.0,0.0,0.0,REJECTED,insufficient_samples,0.3541666666666667,10k-100k,unknown
192,BTC,1967878,btc-updown-5m-1776161700,95287590458392919359615028946659727184736793112986342942812250830841909338648,"Bitcoin Up or Down - April 14, 6:15AM-6:20AM ET",4,3,0,,,,1.0,0.0,0.0,REJECTED,insufficient_samples,0.5972222222222222,10k-100k,unknown
193,BTC,2014943,btc-updown-5m-1776612300,51130039493243461980792899637975908633960794615677071165975838637861069032334,"Bitcoin Up or Down - April 19, 11:25AM-11:30AM ET",1,3,0,,,,1.0,0.0,0.0,REJECTED,insufficient_samples,0.4375,10k-100k,unknown
194,BTC,2033102,btc-updown-5m-1776776100,68780332756459872695516392405845630755865221577142260156455601239519918574848,"Bitcoin Up or Down - April 21, 8:55AM-9:00AM ET",1,3,0,,,,1.0,0.0,0.0,REJECTED,insufficient_samples,0.20833333333333334,10k-100k,unknown
195,BTC,1887937,btc-updown-5m-1775540700,108931794260651331879796425968136887097473171674843524920869898177924594048489,"Bitcoin Up or Down - April 7, 1:45AM-1:50AM ET",1,2,0,,,,1.0,0.0,0.0,REJECTED,insufficient_samples,0.4930555555555556,10k-100k,unknown
196,BTC,1991340,btc-updown-5m-1776342000,114359572008396273162599885246554426484348653866499332402436335403007959998180,"Bitcoin Up or Down - April 16, 8:20AM-8:25AM ET",1,2,0,,,,1.0,0.0,0.0,REJECTED,insufficient_samples,0.6423611111111112,10k-100k,unknown
197,BTC,2019894,btc-updown-5m-1776660600,7717234485343578449153762445080077214125010890133575327930668808991765641711,"Bitcoin Up or Down - April 20, 12:50AM-12:55AM ET",1,2,0,,,,1.0,0.0,0.0,REJECTED,insufficient_samples,0.5381944444444444,10k-100k,unknown
198,BTC,2033236,btc-updown-5m-1776776700,1839350119352837032321404335544136096606911418758405009403772029645038497432,"Bitcoin Up or Down - April 21, 9:05AM-9:10AM ET",4,2,0,,,,1.0,0.0,0.0,REJECTED,insufficient_samples,0.5902777777777778,10k-100k,unknown
199,BTC,1797082,btc-updown-15m-1774994400,65611300189372268359883816995640612651775381157928304549705959904749555161624,"Bitcoin Up or Down - March 31, 6:00PM-6:15PM ET",4,1,0,,,,1.0,0.0,0.0,REJECTED,insufficient_samples,0.8854166666666666,10k-100k,unknown
200,BTC,1971017,btc-updown-15m-1776182400,85856379353849928199926584202343213889871735551019458510529699438070591324319,"Bitcoin Up or Down - April 14, 12:00PM-12:15PM ET",1,1,0,,,,1.0,0.0,0.0,REJECTED,insufficient_samples,0.34375,10k-100k,unknown
201,BTC,1883370,btc-updown-5m-1775512200,13545122890454054663973093452024448354645227886618076403732779259916498079157,"Bitcoin Up or Down - April 6, 5:50PM-5:55PM ET",1,1,0,,,,1.0,0.0,0.0,REJECTED,insufficient_samples,0.2465277777777778,10k-100k,unknown
202,BTC,1900649,btc-updown-5m-1775616000,19664277310092080427560100864321041701614868906525161652201535032296275517903,"Bitcoin Up or Down - April 7, 10:40PM-10:45PM ET",4,1,0,,,,1.0,0.0,0.0,REJECTED,insufficient_samples,0.53125,10k-100k,unknown
203,BTC,1998470,btc-updown-5m-1776425400,108068267617536766861142070024009775057299245094427540319317937292036585712494,"Bitcoin Up or Down - April 17, 7:30AM-7:35AM ET",4,1,0,,,,1.0,0.0,0.0,REJECTED,insufficient_samples,0.3159722222222222,10k-100k,unknown
204,BTC,1767109,btc-updown-15m-1774822500,13734088091109920508748296153204266020019170311543912253511724501898985502196,"Bitcoin Up or Down - March 29, 6:15PM-6:30PM ET",24,0,0,,,,1.0,0.0,0.0,REJECTED,insufficient_samples,,10k-100k,unknown
205,BTC,1773774,btc-updown-15m-1774862100,103407186728358881041895586520326247282254179365838055070220251644719004484191,"Bitcoin Up or Down - March 30, 5:15AM-5:30AM ET",24,0,0,,,,1.0,0.0,0.0,REJECTED,insufficient_samples,,10k-100k,unknown
206,BTC,1788572,btc-updown-15m-1774943100,70386336306053591064901572670098149083024741986290800457524940079061783285886,"Bitcoin Up or Down - March 31, 3:45AM-4:00AM ET",24,0,0,,,,1.0,0.0,0.0,REJECTED,insufficient_samples,,10k-100k,unknown
207,BTC,1797082,btc-updown-15m-1774994400,65611300189372268359883816995640612651775381157928304549705959904749555161624,"Bitcoin Up or Down - March 31, 6:00PM-6:15PM ET",24,0,0,,,,1.0,0.0,0.0,REJECTED,insufficient_samples,,10k-100k,unknown
208,BTC,1812655,btc-updown-15m-1775090700,72061475874222420159890516473736860209868687239449654739186189927541936138758,"Bitcoin Up or Down - April 1, 8:45PM-9:00PM ET",24,0,0,,,,1.0,0.0,0.0,REJECTED,insufficient_samples,,10k-100k,unknown
209,BTC,1856721,btc-updown-15m-1775369700,94000478773748527251307978412257238745656698237739479140910484517456290997260,"Bitcoin Up or Down - April 5, 2:15AM-2:30AM ET",4,0,0,,,,1.0,0.0,0.0,REJECTED,insufficient_samples,,10k-100k,unknown
210,BTC,1856721,btc-updown-15m-1775369700,94000478773748527251307978412257238745656698237739479140910484517456290997260,"Bitcoin Up or Down - April 5, 2:15AM-2:30AM ET",24,0,0,,,,1.0,0.0,0.0,REJECTED,insufficient_samples,,10k-100k,unknown
211,BTC,1887945,btc-updown-15m-1775540700,16961557276914865883353812367965959478026525987133759468714708630998657233733,"Bitcoin Up or Down - April 7, 1:45AM-2:00AM ET",24,0,0,,,,1.0,0.0,0.0,REJECTED,insufficient_samples,,10k-100k,unknown
212,BTC,1918787,btc-updown-15m-1775745900,98526939523670788706516362518896335968959011070983566967917731375922301932759,"Bitcoin Up or Down - April 9, 10:45AM-11:00AM ET",24,0,0,,,,1.0,0.0,0.0,REJECTED,insufficient_samples,,10k-100k,unknown
213,BTC,1971017,btc-updown-15m-1776182400,85856379353849928199926584202343213889871735551019458510529699438070591324319,"Bitcoin Up or Down - April 14, 12:00PM-12:15PM ET",4,0,0,,,,1.0,0.0,0.0,REJECTED,insufficient_samples,,10k-100k,unknown
214,BTC,1971017,btc-updown-15m-1776182400,85856379353849928199926584202343213889871735551019458510529699438070591324319,"Bitcoin Up or Down - April 14, 12:00PM-12:15PM ET",24,0,0,,,,1.0,0.0,0.0,REJECTED,insufficient_samples,,10k-100k,unknown
215,BTC,2030656,btc-updown-15m-1776748500,40704685979574352870784216201689105907217066814761414948598677249710302507666,"Bitcoin Up or Down - April 21, 1:15AM-1:30AM ET",4,0,0,,,,1.0,0.0,0.0,REJECTED,insufficient_samples,,10k-100k,unknown
216,BTC,2030656,btc-updown-15m-1776748500,40704685979574352870784216201689105907217066814761414948598677249710302507666,"Bitcoin Up or Down - April 21, 1:15AM-1:30AM ET",24,0,0,,,,1.0,0.0,0.0,REJECTED,insufficient_samples,,10k-100k,unknown
217,BTC,2052691,btc-updown-15m-1776952800,51694788479468158169664500118259336038053359890918771121580421126680980037164,"Bitcoin Up or Down - April 23, 10:00AM-10:15AM ET",24,0,0,,,,1.0,0.0,0.0,REJECTED,insufficient_samples,,10k-100k,unknown
218,BTC,2069166,btc-updown-15m-1777132800,65244762073750236516161362318362881856456784328043762117285211279363068231679,"Bitcoin Up or Down - April 25, 12:00PM-12:15PM ET",24,0,0,,,,1.0,0.0,0.0,REJECTED,insufficient_samples,,10k-100k,unknown
219,BTC,2083722,btc-updown-15m-1777271400,114745559876334374381493753876847836713172541829271680284066342831910273893773,"Bitcoin Up or Down - April 27, 2:30AM-2:45AM ET",24,0,0,,,,1.0,0.0,0.0,REJECTED,insufficient_samples,,10k-100k,unknown
220,BTC,1764378,btc-updown-5m-1774808400,90856252799365273842960800021642087848762029657266017906190112268841358648663,"Bitcoin Up or Down - March 29, 2:20PM-2:25PM ET",24,0,0,,,,1.0,0.0,0.0,REJECTED,insufficient_samples,,10k-100k,unknown
221,BTC,1765600,btc-updown-5m-1774815000,17574681085863998596045048551160769091717756293317102431511107137990536003739,"Bitcoin Up or Down - March 29, 4:10PM-4:15PM ET",24,0,0,,,,1.0,0.0,0.0,REJECTED,insufficient_samples,,10k-100k,unknown
222,BTC,1773180,btc-updown-5m-1774858800,27447718362414934066594604009165057600587117359409496188839837767218855278210,"Bitcoin Up or Down - March 30, 4:20AM-4:25AM ET",24,0,0,,,,1.0,0.0,0.0,REJECTED,insufficient_samples,,10k-100k,unknown
223,BTC,1774331,btc-updown-5m-1774866300,84070069951266903779001223967651240644159077238374072337458282738811392653485,"Bitcoin Up or Down - March 30, 6:25AM-6:30AM ET",24,0,0,,,,1.0,0.0,0.0,REJECTED,insufficient_samples,,10k-100k,unknown
224,BTC,1817112,btc-updown-5m-1775143800,103215022778706138443843655408624294488288916324664053627274461783148934728655,"Bitcoin Up or Down - April 2, 11:30AM-11:35AM ET",24,0,0,,,,1.0,0.0,0.0,REJECTED,insufficient_samples,,10k-100k,unknown
225,BTC,1820574,btc-updown-5m-1775164500,97899616942439747228306747302961018655413862098988759294880569888212581607884,"Bitcoin Up or Down - April 2, 5:15PM-5:20PM ET",24,0,0,,,,1.0,0.0,0.0,REJECTED,insufficient_samples,,10k-100k,unknown
226,BTC,1822871,btc-updown-5m-1775181900,13072320647212050268306313706521107588246035294063445643757829206044192874296,"Bitcoin Up or Down - April 2, 10:05PM-10:10PM ET",24,0,0,,,,1.0,0.0,0.0,REJECTED,insufficient_samples,,10k-100k,unknown
227,BTC,1827758,btc-updown-5m-1775211300,62449307466362018368732324400164818672964904657476474057930701784311260089964,"Bitcoin Up or Down - April 3, 6:15AM-6:20AM ET",24,0,0,,,,1.0,0.0,0.0,REJECTED,insufficient_samples,,10k-100k,unknown
228,BTC,1861642,btc-updown-5m-1775399400,76557757478120311021616027808007688388498741432321260730820358512489560168895,"Bitcoin Up or Down - April 5, 10:30AM-10:35AM ET",24,0,0,,,,1.0,0.0,0.0,REJECTED,insufficient_samples,,10k-100k,unknown
229,BTC,1883370,btc-updown-5m-1775512200,13545122890454054663973093452024448354645227886618076403732779259916498079157,"Bitcoin Up or Down - April 6, 5:50PM-5:55PM ET",4,0,0,,,,1.0,0.0,0.0,REJECTED,insufficient_samples,,10k-100k,unknown
230,BTC,1883370,btc-updown-5m-1775512200,13545122890454054663973093452024448354645227886618076403732779259916498079157,"Bitcoin Up or Down - April 6, 5:50PM-5:55PM ET",24,0,0,,,,1.0,0.0,0.0,REJECTED,insufficient_samples,,10k-100k,unknown
231,BTC,1887591,btc-updown-5m-1775538600,6961382585715663565981790420362426348140666071773346471008950111324037227760,"Bitcoin Up or Down - April 7, 1:10AM-1:15AM ET",24,0,0,,,,1.0,0.0,0.0,REJECTED,insufficient_samples,,10k-100k,unknown
232,BTC,1887937,btc-updown-5m-1775540700,108931794260651331879796425968136887097473171674843524920869898177924594048489,"Bitcoin Up or Down - April 7, 1:45AM-1:50AM ET",4,0,0,,,,1.0,0.0,0.0,REJECTED,insufficient_samples,,10k-100k,unknown
233,BTC,1887937,btc-updown-5m-1775540700,108931794260651331879796425968136887097473171674843524920869898177924594048489,"Bitcoin Up or Down - April 7, 1:45AM-1:50AM ET",24,0,0,,,,1.0,0.0,0.0,REJECTED,insufficient_samples,,10k-100k,unknown
234,BTC,1897472,btc-updown-5m-1775600400,22599370910269115424149153877580251125336650413213583609364095382582159388478,"Bitcoin Up or Down - April 7, 6:20PM-6:25PM ET",24,0,0,,,,1.0,0.0,0.0,REJECTED,insufficient_samples,,10k-100k,unknown
235,BTC,1900649,btc-updown-5m-1775616000,19664277310092080427560100864321041701614868906525161652201535032296275517903,"Bitcoin Up or Down - April 7, 10:40PM-10:45PM ET",24,0,0,,,,1.0,0.0,0.0,REJECTED,insufficient_samples,,10k-100k,unknown
236,BTC,1913245,btc-updown-5m-1775692200,106529058202861519545346098090501042364633253449074113934844807681456464528636,"Bitcoin Up or Down - April 8, 7:50PM-7:55PM ET",24,0,0,,,,1.0,0.0,0.0,REJECTED,insufficient_samples,,10k-100k,unknown
237,BTC,1922953,btc-updown-5m-1775776800,87969112884343305190289191235211456779265131948021352640227414286284516015629,"Bitcoin Up or Down - April 9, 7:20PM-7:25PM ET",24,0,0,,,,1.0,0.0,0.0,REJECTED,insufficient_samples,,10k-100k,unknown
238,BTC,1923072,btc-updown-5m-1775778000,57851288819914919360707403210474219073096406982345094080590849850647043110982,"Bitcoin Up or Down - April 9, 7:40PM-7:45PM ET",24,0,0,,,,1.0,0.0,0.0,REJECTED,insufficient_samples,,10k-100k,unknown
239,BTC,1930931,btc-updown-5m-1775854200,64971851974503024624556950752843316052486106610228129807974652746522120783957,"Bitcoin Up or Down - April 10, 4:50PM-4:55PM ET",24,0,0,,,,1.0,0.0,0.0,REJECTED,insufficient_samples,,10k-100k,unknown
240,BTC,1967878,btc-updown-5m-1776161700,95287590458392919359615028946659727184736793112986342942812250830841909338648,"Bitcoin Up or Down - April 14, 6:15AM-6:20AM ET",24,0,0,,,,1.0,0.0,0.0,REJECTED,insufficient_samples,,10k-100k,unknown
241,BTC,1975268,btc-updown-5m-1776207300,93825285223954394797520027794977958252865878517067594542669921753758366214360,"Bitcoin Up or Down - April 14, 6:55PM-7:00PM ET",1,0,0,,,,1.0,0.0,0.0,REJECTED,insufficient_samples,,10k-100k,unknown
242,BTC,1975268,btc-updown-5m-1776207300,93825285223954394797520027794977958252865878517067594542669921753758366214360,"Bitcoin Up or Down - April 14, 6:55PM-7:00PM ET",4,0,0,,,,1.0,0.0,0.0,REJECTED,insufficient_samples,,10k-100k,unknown
243,BTC,1975268,btc-updown-5m-1776207300,93825285223954394797520027794977958252865878517067594542669921753758366214360,"Bitcoin Up or Down - April 14, 6:55PM-7:00PM ET",24,0,0,,,,1.0,0.0,0.0,REJECTED,insufficient_samples,,10k-100k,unknown
244,BTC,1991340,btc-updown-5m-1776342000,114359572008396273162599885246554426484348653866499332402436335403007959998180,"Bitcoin Up or Down - April 16, 8:20AM-8:25AM ET",4,0,0,,,,1.0,0.0,0.0,REJECTED,insufficient_samples,,10k-100k,unknown
245,BTC,1991340,btc-updown-5m-1776342000,114359572008396273162599885246554426484348653866499332402436335403007959998180,"Bitcoin Up or Down - April 16, 8:20AM-8:25AM ET",24,0,0,,,,1.0,0.0,0.0,REJECTED,insufficient_samples,,10k-100k,unknown
246,BTC,1998470,btc-updown-5m-1776425400,108068267617536766861142070024009775057299245094427540319317937292036585712494,"Bitcoin Up or Down - April 17, 7:30AM-7:35AM ET",24,0,0,,,,1.0,0.0,0.0,REJECTED,insufficient_samples,,10k-100k,unknown
247,BTC,1998810,btc-updown-5m-1776429000,50116175953583947860307080014869644439399671152644579782112295437096927621748,"Bitcoin Up or Down - April 17, 8:30AM-8:35AM ET",24,0,0,,,,1.0,0.0,0.0,REJECTED,insufficient_samples,,10k-100k,unknown
248,BTC,2002521,btc-updown-5m-1776467100,77478762726615793941515224154212059332636196447323091230789935647683899391647,"Bitcoin Up or Down - April 17, 7:05PM-7:10PM ET",24,0,0,,,,1.0,0.0,0.0,REJECTED,insufficient_samples,,10k-100k,unknown
249,BTC,2014943,btc-updown-5m-1776612300,51130039493243461980792899637975908633960794615677071165975838637861069032334,"Bitcoin Up or Down - April 19, 11:25AM-11:30AM ET",4,0,0,,,,1.0,0.0,0.0,REJECTED,insufficient_samples,,10k-100k,unknown
250,BTC,2014943,btc-updown-5m-1776612300,51130039493243461980792899637975908633960794615677071165975838637861069032334,"Bitcoin Up or Down - April 19, 11:25AM-11:30AM ET",24,0,0,,,,1.0,0.0,0.0,REJECTED,insufficient_samples,,10k-100k,unknown
251,BTC,2019894,btc-updown-5m-1776660600,7717234485343578449153762445080077214125010890133575327930668808991765641711,"Bitcoin Up or Down - April 20, 12:50AM-12:55AM ET",4,0,0,,,,1.0,0.0,0.0,REJECTED,insufficient_samples,,10k-100k,unknown
252,BTC,2019894,btc-updown-5m-1776660600,7717234485343578449153762445080077214125010890133575327930668808991765641711,"Bitcoin Up or Down - April 20, 12:50AM-12:55AM ET",24,0,0,,,,1.0,0.0,0.0,REJECTED,insufficient_samples,,10k-100k,unknown
253,BTC,2031663,btc-updown-5m-1776761100,20624766533044913003314907630201571274787305290305047312399837645415708457236,"Bitcoin Up or Down - April 21, 4:45AM-4:50AM ET",24,0,0,,,,1.0,0.0,0.0,REJECTED,insufficient_samples,,10k-100k,unknown
254,BTC,2033102,btc-updown-5m-1776776100,68780332756459872695516392405845630755865221577142260156455601239519918574848,"Bitcoin Up or Down - April 21, 8:55AM-9:00AM ET",4,0,0,,,,1.0,0.0,0.0,REJECTED,insufficient_samples,,10k-100k,unknown
255,BTC,2033102,btc-updown-5m-1776776100,68780332756459872695516392405845630755865221577142260156455601239519918574848,"Bitcoin Up or Down - April 21, 8:55AM-9:00AM ET",24,0,0,,,,1.0,0.0,0.0,REJECTED,insufficient_samples,,10k-100k,unknown
256,BTC,2033236,btc-updown-5m-1776776700,1839350119352837032321404335544136096606911418758405009403772029645038497432,"Bitcoin Up or Down - April 21, 9:05AM-9:10AM ET",24,0,0,,,,1.0,0.0,0.0,REJECTED,insufficient_samples,,10k-100k,unknown
257,BTC,2056631,btc-updown-5m-1777001100,114098843164380392617106259609610594721239428226488170403105687347708108392631,"Bitcoin Up or Down - April 23, 11:25PM-11:30PM ET",24,0,0,,,,1.0,0.0,0.0,REJECTED,insufficient_samples,,10k-100k,unknown
258,BTC,2061847,btc-updown-5m-1777052100,102279224143306672637763924628226222696455310398243341903303781647826915742883,"Bitcoin Up or Down - April 24, 1:35PM-1:40PM ET",24,0,0,,,,1.0,0.0,0.0,REJECTED,insufficient_samples,,10k-100k,unknown
259,BTC,2072904,btc-updown-5m-1777162200,48526543975601377841024726035848939204054125681647437804711064393765280542352,"Bitcoin Up or Down - April 25, 8:10PM-8:15PM ET",24,0,0,,,,1.0,0.0,0.0,REJECTED,insufficient_samples,,10k-100k,unknown
260,BTC,2081390,btc-updown-5m-1777250700,1418762359442452924309032729015018227181435881141722385336665725024606160607,"Bitcoin Up or Down - April 26, 8:45PM-8:50PM ET",24,0,0,,,,1.0,0.0,0.0,REJECTED,insufficient_samples,,10k-100k,unknown
261,ETH,2041624,eth-updown-5m-1776845400,38328747178310920999893836581133314578005584951069136796985337035943864658169,"Ethereum Up or Down - April 22, 4:10AM-4:15AM ET",24,0,0,,,,1.0,0.0,0.0,REJECTED,insufficient_samples,,10k-100k,unknown
