stage,stage_rank,market_id,market_slug,asset,volume_1mo_usd,volume_total_usd,wallet_flow_rows,market_flow_hourly_rows,whale_flow_hourly_rows,undercovered,selection_reason
stage_1_quick,1,1823769,will-bitcoin-reach-150k-in-april-2026,BTC,7997586.103078988,7997586.103078919,0,0,0,True,"priority_asset,active,undercovered,volume"
stage_1_quick,2,701493,will-bitcoin-reach-130000-by-december-31-2026-756-151-855,BTC,202363.6980929998,889981.860761002,0,0,0,True,"priority_asset,active,undercovered,volume"
stage_1_quick,3,701491,will-bitcoin-reach-150000-by-december-31-2026-557-246-971,BTC,118008.25690700008,846980.526583002,0,0,0,True,"priority_asset,active,undercovered,volume"
stage_1_quick,4,701492,will-bitcoin-reach-140000-by-december-31-2026-131-829-299,BTC,75533.53416499998,772108.5081680022,0,0,0,True,"priority_asset,active,undercovered,volume"
stage_1_quick,5,701504,will-bitcoin-dip-to-25000-by-december-31-2026-948-243-253-666-115-787-981-282-573-719-186-417-762-754-486-851-278-145,BTC,164712.26241800003,712219.070735,0,0,0,True,"priority_asset,active,undercovered,volume"
stage_1_quick,6,2091255,will-bitcoin-reach-80k-on-april-27,BTC,60710.86470900001,60710.86470900003,0,0,0,True,"priority_asset,active,undercovered,volume"
stage_1_quick,7,2044485,bitcoin-above-86k-on-april-28,BTC,57706.85094200001,57706.85094200002,0,0,0,True,"priority_asset,active,undercovered,volume"
stage_1_quick,8,2053402,bitcoin-above-74k-on-april-29,BTC,55553.97266000003,55553.97265999997,0,0,0,True,"priority_asset,active,undercovered,volume"
stage_1_quick,9,2044409,will-the-price-of-bitcoin-be-between-66000-68000-on-april-28,BTC,55466.431916,55466.431916,0,0,0,True,"priority_asset,active,undercovered,volume"
stage_1_quick,10,2053425,bitcoin-above-88k-on-april-29,BTC,53494.577277,53494.577277000004,0,0,0,True,"priority_asset,active,undercovered,volume"
stage_1_quick,11,1295996,will-march-be-the-best-month-for-bitcoin-in-2026,BTC,43243.935843,51390.21124500001,0,0,0,True,"priority_asset,active,undercovered,volume"
stage_1_quick,12,2053375,will-the-price-of-bitcoin-be-greater-than-88000-on-april-29,BTC,9902.061066,9902.061066,0,0,0,True,"priority_asset,active,undercovered,volume"
stage_1_quick,13,2068923,bitcoin-above-70k-on-may-1,BTC,9727.567067999998,9727.567068000002,0,0,0,True,"priority_asset,active,undercovered,volume"
stage_1_quick,14,2060951,bitcoin-above-70k-on-april-30,BTC,9521.131538000001,9521.131537999998,0,0,0,True,"priority_asset,active,undercovered,volume"
stage_1_quick,15,2044419,will-the-price-of-bitcoin-be-between-76000-78000-on-april-28,BTC,9333.076764,9333.076763999996,0,0,0,True,"priority_asset,active,undercovered,volume"
stage_1_quick,16,1667095,will-the-bitcoin-volatility-index-hit-70-by-april-30,BTC,8109.922883999999,9307.061174,0,0,0,True,"priority_asset,active,undercovered,volume"
stage_1_quick,17,2060972,bitcoin-above-88k-on-april-30,BTC,8971.737219,8971.737219000002,0,0,0,True,"priority_asset,active,undercovered,volume"
stage_1_quick,18,1667094,will-the-bitcoin-volatility-index-hit-80-by-april-30,BTC,6896.506704,8646.034729,0,0,0,True,"priority_asset,active,undercovered,volume"
stage_1_quick,19,2086848,bitcoin-above-70k-on-may-3,BTC,8430.91161,8430.91161,0,0,0,True,"priority_asset,active,undercovered,volume"
stage_1_quick,20,2053404,bitcoin-above-76k-on-april-29,BTC,8336.772776000003,8336.772776000007,0,0,0,True,"priority_asset,active,undercovered,volume"
stage_1_quick,21,2053407,bitcoin-above-78k-on-april-29,BTC,8005.610197999999,8005.610198000001,0,0,0,True,"priority_asset,active,undercovered,volume"
stage_1_quick,22,2053415,bitcoin-above-82k-on-april-29,BTC,7808.647709999998,7808.64771,0,0,0,True,"priority_asset,active,undercovered,volume"
stage_1_quick,23,2053418,bitcoin-above-84k-on-april-29,BTC,7648.700055000001,7648.700055000003,0,0,0,True,"priority_asset,active,undercovered,volume"
stage_1_quick,24,1068384,will-el-salvador-hold-1b-of-btc-by-december-31-2026,BTC,1168.2603599999998,7439.463261,0,0,0,True,"priority_asset,active,undercovered,volume"
stage_1_quick,25,2088758,btc-updown-4h-1777320000,BTC,7372.302693000001,7372.302692999999,0,0,0,True,"priority_asset,active,undercovered,volume"
stage_1_quick,26,1696384,will-bitcoin-outperform-nvidia-nvda-in-april-2026,BTC,6711.016354999999,7045.96854,0,0,0,True,"priority_asset,active,undercovered,volume"
stage_1_quick,27,2053353,will-the-price-of-bitcoin-be-less-than-70000-on-april-29,BTC,7025.333033999999,7025.333033999999,0,0,0,True,"priority_asset,active,undercovered,volume"
stage_1_quick,28,1667098,will-the-bitcoin-volatility-index-dip-to-40-by-april-30,BTC,0.0,6992.915608,0,0,0,True,"priority_asset,active,undercovered,volume"
stage_1_quick,29,2086787,will-the-price-of-bitcoin-be-between-78000-80000-on-may-3,BTC,6823.884331999998,6823.884331999995,0,0,0,True,"priority_asset,active,undercovered,volume"
stage_1_quick,30,2086858,bitcoin-above-76k-on-may-3,BTC,6477.396400000003,6477.396399999995,0,0,0,True,"priority_asset,active,undercovered,volume"
stage_1_quick,31,676844,bitcoin-more-valuable-than-any-company-before-2027,BTC,0.0,6336.476872000001,0,0,0,True,"priority_asset,active,undercovered,volume"
stage_1_quick,32,1295999,will-june-be-the-best-month-for-bitcoin-in-2026,BTC,1533.527503,6300.880933,0,0,0,True,"priority_asset,active,undercovered,volume"
stage_1_quick,33,1295998,will-may-be-the-best-month-for-bitcoin-in-2026,BTC,1279.62596,6025.195849999998,0,0,0,True,"priority_asset,active,undercovered,volume"
stage_1_quick,34,2044415,will-the-price-of-bitcoin-be-between-72000-74000-on-april-28,BTC,5971.534795,5971.534795,0,0,0,True,"priority_asset,active,undercovered,volume"
stage_1_quick,35,2086789,will-the-price-of-bitcoin-be-between-80000-82000-on-may-3,BTC,5868.25718600002,5868.257186000014,0,0,0,True,"priority_asset,active,undercovered,volume"
stage_1_quick,36,2044417,will-the-price-of-bitcoin-be-between-74000-76000-on-april-28,BTC,5867.380862999999,5867.380862999997,0,0,0,True,"priority_asset,active,undercovered,volume"
stage_1_quick,37,2091281,will-bitcoin-dip-to-73k-on-april-27,BTC,5803.682712,5803.682712,0,0,0,True,"priority_asset,active,undercovered,volume"
stage_1_quick,38,2044422,will-the-price-of-bitcoin-be-between-78000-80000-on-april-28,BTC,5799.3974579999995,5799.397458000002,0,0,0,True,"priority_asset,active,undercovered,volume"
stage_1_quick,39,2068934,bitcoin-above-80k-on-may-1,BTC,5788.000167000001,5788.000167000003,0,0,0,True,"priority_asset,active,undercovered,volume"
stage_1_quick,40,2068936,bitcoin-above-82k-on-may-1,BTC,5699.917394000002,5699.917394000004,0,0,0,True,"priority_asset,active,undercovered,volume"
stage_1_quick,41,1296002,will-september-be-the-best-month-for-bitcoin-in-2026,BTC,977.4168739999999,5599.453682,0,0,0,True,"priority_asset,active,undercovered,volume"
stage_1_quick,42,1696383,will-bitcoin-outperform-the-sp-500-in-april-2026,BTC,5079.916515999999,5457.904783999999,0,0,0,True,"priority_asset,active,undercovered,volume"
stage_1_quick,43,1296001,will-august-be-the-best-month-for-bitcoin-in-2026,BTC,808.3272669999999,5410.2153690000005,0,0,0,True,"priority_asset,active,undercovered,volume"
stage_1_quick,44,2078310,bitcoin-above-78k-on-may-2,BTC,5361.555710999997,5361.555711000016,0,0,0,True,"priority_asset,active,undercovered,volume"
stage_1_quick,45,2060948,bitcoin-above-68k-on-april-30,BTC,5358.276282999999,5358.276282999997,0,0,0,True,"priority_asset,active,undercovered,volume"
stage_1_quick,46,1296000,will-july-be-the-best-month-for-bitcoin-in-2026,BTC,1271.620834,5293.355153,0,0,0,True,"priority_asset,active,undercovered,volume"
stage_1_quick,47,2068938,bitcoin-above-84k-on-may-1,BTC,5224.838322,5224.838321999999,0,0,0,True,"priority_asset,active,undercovered,volume"
stage_1_quick,48,2044413,will-the-price-of-bitcoin-be-between-70000-72000-on-april-28,BTC,5220.620723,5220.620723000001,0,0,0,True,"priority_asset,active,undercovered,volume"
stage_1_quick,49,2053355,will-the-price-of-bitcoin-be-between-70000-72000-on-april-29,BTC,5173.840829999999,5173.840829999999,0,0,0,True,"priority_asset,active,undercovered,volume"
stage_1_quick,50,1821265,bitcoin-quantum-resistant-upgrade-implemented-in-2026,BTC,0.0,947.8538879999999,0,0,0,True,"priority_asset,active,undercovered,volume"
stage_1_quick,51,2053361,will-the-price-of-bitcoin-be-between-76000-78000-on-april-29,BTC,938.959948,938.9599479999999,0,0,0,True,"priority_asset,active,undercovered,volume"
stage_1_quick,52,2091227,will-bitcoin-reach-92k-april-27-may-3,BTC,888.2035,888.2035,0,0,0,True,"priority_asset,active,undercovered,volume"
stage_1_quick,53,2091236,will-bitcoin-reach-84k-on-april-27,BTC,882.506666,882.506666,0,0,0,True,"priority_asset,active,undercovered,volume"
stage_1_quick,54,2060901,will-the-price-of-bitcoin-be-between-74000-76000-on-april-30,BTC,875.60164,875.6016400000001,0,0,0,True,"priority_asset,active,undercovered,volume"
stage_1_quick,55,2091223,will-bitcoin-reach-94k-april-27-may-3,BTC,848.1600000000002,848.1600000000002,0,0,0,True,"priority_asset,active,undercovered,volume"
stage_1_quick,56,2060896,will-the-price-of-bitcoin-be-between-70000-72000-on-april-30,BTC,833.509859,833.5098589999999,0,0,0,True,"priority_asset,active,undercovered,volume"
stage_1_quick,57,2092256,microstrategy-announces-1000-btc-purchase-april-28-may-4,BTC,829.986094,829.986094,0,0,0,True,"priority_asset,active,undercovered,volume"
stage_1_quick,58,1665516,will-the-bitcoin-realized-volatility-index-hit-80-by-april-30,BTC,0.0,826.2589069999999,0,0,0,True,"priority_asset,active,undercovered,volume"
stage_1_quick,59,2053368,will-the-price-of-bitcoin-be-between-82000-84000-on-april-29,BTC,779.967414,779.967414,0,0,0,True,"priority_asset,active,undercovered,volume"
stage_1_quick,60,2086780,will-the-price-of-bitcoin-be-between-72000-74000-on-may-3,BTC,736.7079049999999,736.7079050000002,0,0,0,True,"priority_asset,active,undercovered,volume"
stage_1_quick,61,2086864,bitcoin-above-80k-on-may-3,BTC,717.9799299999993,717.9799299999993,0,0,0,True,"priority_asset,active,undercovered,volume"
stage_1_quick,62,2089450,btc-updown-15m-1777326300,BTC,677.74638,677.7463799999999,0,0,0,True,"priority_asset,active,undercovered,volume"
stage_1_quick,63,2060904,will-the-price-of-bitcoin-be-between-76000-78000-on-april-30,BTC,655.668551,655.6685509999999,0,0,0,True,"priority_asset,active,undercovered,volume"
stage_1_quick,64,2086777,will-the-price-of-bitcoin-be-less-than-70000-on-may-3,BTC,563.8037569999998,563.8037569999998,0,0,0,True,"priority_asset,active,undercovered,volume"
stage_1_quick,65,2060908,will-the-price-of-bitcoin-be-between-78000-80000-on-april-30,BTC,558.465969,558.4659690000003,0,0,0,True,"priority_asset,active,undercovered,volume"
stage_1_quick,66,2099278,bitcoin-above-74800-on-april-27-2026-4pm-et,BTC,549.991,549.991,0,0,0,True,"priority_asset,active,undercovered,volume"
stage_1_quick,67,2060898,will-the-price-of-bitcoin-be-between-72000-74000-on-april-30,BTC,532.0731820000001,532.073182,0,0,0,True,"priority_asset,active,undercovered,volume"
stage_1_quick,68,2099989,bitcoin-above-76600-on-april-27-2026-6pm-et,BTC,78.6407,78.6407,0,0,0,True,"priority_asset,active,undercovered,volume"
stage_1_quick,69,2090545,btc-updown-15m-1777337100,BTC,76.577842,76.577842,0,0,0,True,"priority_asset,active,undercovered,volume"
stage_1_quick,70,2059401,bitcoin-etf-flows-on-april-27,BTC,75.993416,75.993416,0,0,0,True,"priority_asset,active,undercovered,volume"
stage_1_quick,71,2060915,will-the-price-of-bitcoin-be-between-82000-84000-on-april-30,BTC,72.987776,72.987776,0,0,0,True,"priority_asset,active,undercovered,volume"
stage_1_quick,72,2080730,bitcoin-up-or-down-april-27-2026-7pm-et,BTC,64.137249,64.137249,0,0,0,True,"priority_asset,active,undercovered,volume"
stage_1_quick,73,2096073,btc-updown-5m-1777380900,BTC,58.823526,58.823526,0,0,0,True,"priority_asset,active,undercovered,volume"
stage_1_quick,74,2090398,btc-updown-15m-1777334400,BTC,56.97,56.97,0,0,0,True,"priority_asset,active,undercovered,volume"
stage_1_quick,75,2090447,btc-updown-15m-1777335300,BTC,56.97,56.97,0,0,0,True,"priority_asset,active,undercovered,volume"
stage_2_depth,1,1823769,will-bitcoin-reach-150k-in-april-2026,BTC,7997586.103078988,7997586.103078919,0,0,0,True,"priority_asset,active,undercovered,volume"
stage_2_depth,2,701493,will-bitcoin-reach-130000-by-december-31-2026-756-151-855,BTC,202363.6980929998,889981.860761002,0,0,0,True,"priority_asset,active,undercovered,volume"
stage_2_depth,3,701491,will-bitcoin-reach-150000-by-december-31-2026-557-246-971,BTC,118008.25690700008,846980.526583002,0,0,0,True,"priority_asset,active,undercovered,volume"
stage_2_depth,4,701492,will-bitcoin-reach-140000-by-december-31-2026-131-829-299,BTC,75533.53416499998,772108.5081680022,0,0,0,True,"priority_asset,active,undercovered,volume"
stage_2_depth,5,701504,will-bitcoin-dip-to-25000-by-december-31-2026-948-243-253-666-115-787-981-282-573-719-186-417-762-754-486-851-278-145,BTC,164712.26241800003,712219.070735,0,0,0,True,"priority_asset,active,undercovered,volume"
stage_2_depth,6,2091255,will-bitcoin-reach-80k-on-april-27,BTC,60710.86470900001,60710.86470900003,0,0,0,True,"priority_asset,active,undercovered,volume"
stage_2_depth,7,2044485,bitcoin-above-86k-on-april-28,BTC,57706.85094200001,57706.85094200002,0,0,0,True,"priority_asset,active,undercovered,volume"
stage_2_depth,8,2053402,bitcoin-above-74k-on-april-29,BTC,55553.97266000003,55553.97265999997,0,0,0,True,"priority_asset,active,undercovered,volume"
stage_2_depth,9,2044409,will-the-price-of-bitcoin-be-between-66000-68000-on-april-28,BTC,55466.431916,55466.431916,0,0,0,True,"priority_asset,active,undercovered,volume"
stage_2_depth,10,2053425,bitcoin-above-88k-on-april-29,BTC,53494.577277,53494.577277000004,0,0,0,True,"priority_asset,active,undercovered,volume"
stage_2_depth,11,1295996,will-march-be-the-best-month-for-bitcoin-in-2026,BTC,43243.935843,51390.21124500001,0,0,0,True,"priority_asset,active,undercovered,volume"
stage_2_depth,12,2053375,will-the-price-of-bitcoin-be-greater-than-88000-on-april-29,BTC,9902.061066,9902.061066,0,0,0,True,"priority_asset,active,undercovered,volume"
stage_2_depth,13,2068923,bitcoin-above-70k-on-may-1,BTC,9727.567067999998,9727.567068000002,0,0,0,True,"priority_asset,active,undercovered,volume"
stage_2_depth,14,2060951,bitcoin-above-70k-on-april-30,BTC,9521.131538000001,9521.131537999998,0,0,0,True,"priority_asset,active,undercovered,volume"
stage_2_depth,15,2044419,will-the-price-of-bitcoin-be-between-76000-78000-on-april-28,BTC,9333.076764,9333.076763999996,0,0,0,True,"priority_asset,active,undercovered,volume"
stage_2_depth,16,1667095,will-the-bitcoin-volatility-index-hit-70-by-april-30,BTC,8109.922883999999,9307.061174,0,0,0,True,"priority_asset,active,undercovered,volume"
stage_2_depth,17,2060972,bitcoin-above-88k-on-april-30,BTC,8971.737219,8971.737219000002,0,0,0,True,"priority_asset,active,undercovered,volume"
stage_2_depth,18,1667094,will-the-bitcoin-volatility-index-hit-80-by-april-30,BTC,6896.506704,8646.034729,0,0,0,True,"priority_asset,active,undercovered,volume"
stage_2_depth,19,2086848,bitcoin-above-70k-on-may-3,BTC,8430.91161,8430.91161,0,0,0,True,"priority_asset,active,undercovered,volume"
stage_2_depth,20,2053404,bitcoin-above-76k-on-april-29,BTC,8336.772776000003,8336.772776000007,0,0,0,True,"priority_asset,active,undercovered,volume"
stage_2_depth,21,2053407,bitcoin-above-78k-on-april-29,BTC,8005.610197999999,8005.610198000001,0,0,0,True,"priority_asset,active,undercovered,volume"
stage_2_depth,22,2053415,bitcoin-above-82k-on-april-29,BTC,7808.647709999998,7808.64771,0,0,0,True,"priority_asset,active,undercovered,volume"
stage_2_depth,23,2053418,bitcoin-above-84k-on-april-29,BTC,7648.700055000001,7648.700055000003,0,0,0,True,"priority_asset,active,undercovered,volume"
stage_2_depth,24,1068384,will-el-salvador-hold-1b-of-btc-by-december-31-2026,BTC,1168.2603599999998,7439.463261,0,0,0,True,"priority_asset,active,undercovered,volume"
stage_2_depth,25,2088758,btc-updown-4h-1777320000,BTC,7372.302693000001,7372.302692999999,0,0,0,True,"priority_asset,active,undercovered,volume"
stage_2_depth,26,1696384,will-bitcoin-outperform-nvidia-nvda-in-april-2026,BTC,6711.016354999999,7045.96854,0,0,0,True,"priority_asset,active,undercovered,volume"
stage_2_depth,27,2053353,will-the-price-of-bitcoin-be-less-than-70000-on-april-29,BTC,7025.333033999999,7025.333033999999,0,0,0,True,"priority_asset,active,undercovered,volume"
stage_2_depth,28,1667098,will-the-bitcoin-volatility-index-dip-to-40-by-april-30,BTC,0.0,6992.915608,0,0,0,True,"priority_asset,active,undercovered,volume"
stage_2_depth,29,2086787,will-the-price-of-bitcoin-be-between-78000-80000-on-may-3,BTC,6823.884331999998,6823.884331999995,0,0,0,True,"priority_asset,active,undercovered,volume"
stage_2_depth,30,2086858,bitcoin-above-76k-on-may-3,BTC,6477.396400000003,6477.396399999995,0,0,0,True,"priority_asset,active,undercovered,volume"
stage_2_depth,31,676844,bitcoin-more-valuable-than-any-company-before-2027,BTC,0.0,6336.476872000001,0,0,0,True,"priority_asset,active,undercovered,volume"
stage_2_depth,32,1295999,will-june-be-the-best-month-for-bitcoin-in-2026,BTC,1533.527503,6300.880933,0,0,0,True,"priority_asset,active,undercovered,volume"
stage_2_depth,33,1295998,will-may-be-the-best-month-for-bitcoin-in-2026,BTC,1279.62596,6025.195849999998,0,0,0,True,"priority_asset,active,undercovered,volume"
stage_2_depth,34,2044415,will-the-price-of-bitcoin-be-between-72000-74000-on-april-28,BTC,5971.534795,5971.534795,0,0,0,True,"priority_asset,active,undercovered,volume"
stage_2_depth,35,2086789,will-the-price-of-bitcoin-be-between-80000-82000-on-may-3,BTC,5868.25718600002,5868.257186000014,0,0,0,True,"priority_asset,active,undercovered,volume"
stage_2_depth,36,2044417,will-the-price-of-bitcoin-be-between-74000-76000-on-april-28,BTC,5867.380862999999,5867.380862999997,0,0,0,True,"priority_asset,active,undercovered,volume"
stage_2_depth,37,2091281,will-bitcoin-dip-to-73k-on-april-27,BTC,5803.682712,5803.682712,0,0,0,True,"priority_asset,active,undercovered,volume"
stage_2_depth,38,2044422,will-the-price-of-bitcoin-be-between-78000-80000-on-april-28,BTC,5799.3974579999995,5799.397458000002,0,0,0,True,"priority_asset,active,undercovered,volume"
stage_2_depth,39,2068934,bitcoin-above-80k-on-may-1,BTC,5788.000167000001,5788.000167000003,0,0,0,True,"priority_asset,active,undercovered,volume"
stage_2_depth,40,2068936,bitcoin-above-82k-on-may-1,BTC,5699.917394000002,5699.917394000004,0,0,0,True,"priority_asset,active,undercovered,volume"
stage_2_depth,41,1296002,will-september-be-the-best-month-for-bitcoin-in-2026,BTC,977.4168739999999,5599.453682,0,0,0,True,"priority_asset,active,undercovered,volume"
stage_2_depth,42,1696383,will-bitcoin-outperform-the-sp-500-in-april-2026,BTC,5079.916515999999,5457.904783999999,0,0,0,True,"priority_asset,active,undercovered,volume"
stage_2_depth,43,1296001,will-august-be-the-best-month-for-bitcoin-in-2026,BTC,808.3272669999999,5410.2153690000005,0,0,0,True,"priority_asset,active,undercovered,volume"
stage_2_depth,44,2078310,bitcoin-above-78k-on-may-2,BTC,5361.555710999997,5361.555711000016,0,0,0,True,"priority_asset,active,undercovered,volume"
stage_2_depth,45,2060948,bitcoin-above-68k-on-april-30,BTC,5358.276282999999,5358.276282999997,0,0,0,True,"priority_asset,active,undercovered,volume"
stage_2_depth,46,1296000,will-july-be-the-best-month-for-bitcoin-in-2026,BTC,1271.620834,5293.355153,0,0,0,True,"priority_asset,active,undercovered,volume"
stage_2_depth,47,2068938,bitcoin-above-84k-on-may-1,BTC,5224.838322,5224.838321999999,0,0,0,True,"priority_asset,active,undercovered,volume"
stage_2_depth,48,2044413,will-the-price-of-bitcoin-be-between-70000-72000-on-april-28,BTC,5220.620723,5220.620723000001,0,0,0,True,"priority_asset,active,undercovered,volume"
stage_2_depth,49,2053355,will-the-price-of-bitcoin-be-between-70000-72000-on-april-29,BTC,5173.840829999999,5173.840829999999,0,0,0,True,"priority_asset,active,undercovered,volume"
stage_2_depth,50,1821265,bitcoin-quantum-resistant-upgrade-implemented-in-2026,BTC,0.0,947.8538879999999,0,0,0,True,"priority_asset,active,undercovered,volume"
stage_2_depth,51,2053361,will-the-price-of-bitcoin-be-between-76000-78000-on-april-29,BTC,938.959948,938.9599479999999,0,0,0,True,"priority_asset,active,undercovered,volume"
stage_2_depth,52,2091227,will-bitcoin-reach-92k-april-27-may-3,BTC,888.2035,888.2035,0,0,0,True,"priority_asset,active,undercovered,volume"
stage_2_depth,53,2091236,will-bitcoin-reach-84k-on-april-27,BTC,882.506666,882.506666,0,0,0,True,"priority_asset,active,undercovered,volume"
stage_2_depth,54,2060901,will-the-price-of-bitcoin-be-between-74000-76000-on-april-30,BTC,875.60164,875.6016400000001,0,0,0,True,"priority_asset,active,undercovered,volume"
stage_2_depth,55,2091223,will-bitcoin-reach-94k-april-27-may-3,BTC,848.1600000000002,848.1600000000002,0,0,0,True,"priority_asset,active,undercovered,volume"
stage_2_depth,56,2060896,will-the-price-of-bitcoin-be-between-70000-72000-on-april-30,BTC,833.509859,833.5098589999999,0,0,0,True,"priority_asset,active,undercovered,volume"
stage_2_depth,57,2092256,microstrategy-announces-1000-btc-purchase-april-28-may-4,BTC,829.986094,829.986094,0,0,0,True,"priority_asset,active,undercovered,volume"
stage_2_depth,58,1665516,will-the-bitcoin-realized-volatility-index-hit-80-by-april-30,BTC,0.0,826.2589069999999,0,0,0,True,"priority_asset,active,undercovered,volume"
stage_2_depth,59,2053368,will-the-price-of-bitcoin-be-between-82000-84000-on-april-29,BTC,779.967414,779.967414,0,0,0,True,"priority_asset,active,undercovered,volume"
stage_2_depth,60,2086780,will-the-price-of-bitcoin-be-between-72000-74000-on-may-3,BTC,736.7079049999999,736.7079050000002,0,0,0,True,"priority_asset,active,undercovered,volume"
stage_2_depth,61,2086864,bitcoin-above-80k-on-may-3,BTC,717.9799299999993,717.9799299999993,0,0,0,True,"priority_asset,active,undercovered,volume"
stage_2_depth,62,2089450,btc-updown-15m-1777326300,BTC,677.74638,677.7463799999999,0,0,0,True,"priority_asset,active,undercovered,volume"
stage_2_depth,63,2060904,will-the-price-of-bitcoin-be-between-76000-78000-on-april-30,BTC,655.668551,655.6685509999999,0,0,0,True,"priority_asset,active,undercovered,volume"
stage_2_depth,64,2086777,will-the-price-of-bitcoin-be-less-than-70000-on-may-3,BTC,563.8037569999998,563.8037569999998,0,0,0,True,"priority_asset,active,undercovered,volume"
stage_2_depth,65,2060908,will-the-price-of-bitcoin-be-between-78000-80000-on-april-30,BTC,558.465969,558.4659690000003,0,0,0,True,"priority_asset,active,undercovered,volume"
stage_2_depth,66,2099278,bitcoin-above-74800-on-april-27-2026-4pm-et,BTC,549.991,549.991,0,0,0,True,"priority_asset,active,undercovered,volume"
stage_2_depth,67,2060898,will-the-price-of-bitcoin-be-between-72000-74000-on-april-30,BTC,532.0731820000001,532.073182,0,0,0,True,"priority_asset,active,undercovered,volume"
stage_2_depth,68,2099989,bitcoin-above-76600-on-april-27-2026-6pm-et,BTC,78.6407,78.6407,0,0,0,True,"priority_asset,active,undercovered,volume"
stage_2_depth,69,2090545,btc-updown-15m-1777337100,BTC,76.577842,76.577842,0,0,0,True,"priority_asset,active,undercovered,volume"
stage_2_depth,70,2059401,bitcoin-etf-flows-on-april-27,BTC,75.993416,75.993416,0,0,0,True,"priority_asset,active,undercovered,volume"
stage_2_depth,71,2060915,will-the-price-of-bitcoin-be-between-82000-84000-on-april-30,BTC,72.987776,72.987776,0,0,0,True,"priority_asset,active,undercovered,volume"
stage_2_depth,72,2080730,bitcoin-up-or-down-april-27-2026-7pm-et,BTC,64.137249,64.137249,0,0,0,True,"priority_asset,active,undercovered,volume"
stage_2_depth,73,2096073,btc-updown-5m-1777380900,BTC,58.823526,58.823526,0,0,0,True,"priority_asset,active,undercovered,volume"
stage_2_depth,74,2090398,btc-updown-15m-1777334400,BTC,56.97,56.97,0,0,0,True,"priority_asset,active,undercovered,volume"
stage_2_depth,75,2090447,btc-updown-15m-1777335300,BTC,56.97,56.97,0,0,0,True,"priority_asset,active,undercovered,volume"
stage_3_breadth,1,1823769,will-bitcoin-reach-150k-in-april-2026,BTC,7997586.103078988,7997586.103078919,0,0,0,True,"priority_asset,active,undercovered,volume"
stage_3_breadth,2,701493,will-bitcoin-reach-130000-by-december-31-2026-756-151-855,BTC,202363.6980929998,889981.860761002,0,0,0,True,"priority_asset,active,undercovered,volume"
stage_3_breadth,3,701491,will-bitcoin-reach-150000-by-december-31-2026-557-246-971,BTC,118008.25690700008,846980.526583002,0,0,0,True,"priority_asset,active,undercovered,volume"
stage_3_breadth,4,701492,will-bitcoin-reach-140000-by-december-31-2026-131-829-299,BTC,75533.53416499998,772108.5081680022,0,0,0,True,"priority_asset,active,undercovered,volume"
stage_3_breadth,5,701504,will-bitcoin-dip-to-25000-by-december-31-2026-948-243-253-666-115-787-981-282-573-719-186-417-762-754-486-851-278-145,BTC,164712.26241800003,712219.070735,0,0,0,True,"priority_asset,active,undercovered,volume"
stage_3_breadth,6,2091255,will-bitcoin-reach-80k-on-april-27,BTC,60710.86470900001,60710.86470900003,0,0,0,True,"priority_asset,active,undercovered,volume"
stage_3_breadth,7,2044485,bitcoin-above-86k-on-april-28,BTC,57706.85094200001,57706.85094200002,0,0,0,True,"priority_asset,active,undercovered,volume"
stage_3_breadth,8,2053402,bitcoin-above-74k-on-april-29,BTC,55553.97266000003,55553.97265999997,0,0,0,True,"priority_asset,active,undercovered,volume"
stage_3_breadth,9,2044409,will-the-price-of-bitcoin-be-between-66000-68000-on-april-28,BTC,55466.431916,55466.431916,0,0,0,True,"priority_asset,active,undercovered,volume"
stage_3_breadth,10,2053425,bitcoin-above-88k-on-april-29,BTC,53494.577277,53494.577277000004,0,0,0,True,"priority_asset,active,undercovered,volume"
stage_3_breadth,11,1295996,will-march-be-the-best-month-for-bitcoin-in-2026,BTC,43243.935843,51390.21124500001,0,0,0,True,"priority_asset,active,undercovered,volume"
stage_3_breadth,12,2053375,will-the-price-of-bitcoin-be-greater-than-88000-on-april-29,BTC,9902.061066,9902.061066,0,0,0,True,"priority_asset,active,undercovered,volume"
stage_3_breadth,13,2068923,bitcoin-above-70k-on-may-1,BTC,9727.567067999998,9727.567068000002,0,0,0,True,"priority_asset,active,undercovered,volume"
stage_3_breadth,14,2060951,bitcoin-above-70k-on-april-30,BTC,9521.131538000001,9521.131537999998,0,0,0,True,"priority_asset,active,undercovered,volume"
stage_3_breadth,15,2044419,will-the-price-of-bitcoin-be-between-76000-78000-on-april-28,BTC,9333.076764,9333.076763999996,0,0,0,True,"priority_asset,active,undercovered,volume"
stage_3_breadth,16,1667095,will-the-bitcoin-volatility-index-hit-70-by-april-30,BTC,8109.922883999999,9307.061174,0,0,0,True,"priority_asset,active,undercovered,volume"
stage_3_breadth,17,2060972,bitcoin-above-88k-on-april-30,BTC,8971.737219,8971.737219000002,0,0,0,True,"priority_asset,active,undercovered,volume"
stage_3_breadth,18,1667094,will-the-bitcoin-volatility-index-hit-80-by-april-30,BTC,6896.506704,8646.034729,0,0,0,True,"priority_asset,active,undercovered,volume"
stage_3_breadth,19,2086848,bitcoin-above-70k-on-may-3,BTC,8430.91161,8430.91161,0,0,0,True,"priority_asset,active,undercovered,volume"
stage_3_breadth,20,2053404,bitcoin-above-76k-on-april-29,BTC,8336.772776000003,8336.772776000007,0,0,0,True,"priority_asset,active,undercovered,volume"
stage_3_breadth,21,2053407,bitcoin-above-78k-on-april-29,BTC,8005.610197999999,8005.610198000001,0,0,0,True,"priority_asset,active,undercovered,volume"
stage_3_breadth,22,2053415,bitcoin-above-82k-on-april-29,BTC,7808.647709999998,7808.64771,0,0,0,True,"priority_asset,active,undercovered,volume"
stage_3_breadth,23,2053418,bitcoin-above-84k-on-april-29,BTC,7648.700055000001,7648.700055000003,0,0,0,True,"priority_asset,active,undercovered,volume"
stage_3_breadth,24,1068384,will-el-salvador-hold-1b-of-btc-by-december-31-2026,BTC,1168.2603599999998,7439.463261,0,0,0,True,"priority_asset,active,undercovered,volume"
stage_3_breadth,25,2088758,btc-updown-4h-1777320000,BTC,7372.302693000001,7372.302692999999,0,0,0,True,"priority_asset,active,undercovered,volume"
stage_3_breadth,26,1696384,will-bitcoin-outperform-nvidia-nvda-in-april-2026,BTC,6711.016354999999,7045.96854,0,0,0,True,"priority_asset,active,undercovered,volume"
stage_3_breadth,27,2053353,will-the-price-of-bitcoin-be-less-than-70000-on-april-29,BTC,7025.333033999999,7025.333033999999,0,0,0,True,"priority_asset,active,undercovered,volume"
stage_3_breadth,28,1667098,will-the-bitcoin-volatility-index-dip-to-40-by-april-30,BTC,0.0,6992.915608,0,0,0,True,"priority_asset,active,undercovered,volume"
stage_3_breadth,29,2086787,will-the-price-of-bitcoin-be-between-78000-80000-on-may-3,BTC,6823.884331999998,6823.884331999995,0,0,0,True,"priority_asset,active,undercovered,volume"
stage_3_breadth,30,2086858,bitcoin-above-76k-on-may-3,BTC,6477.396400000003,6477.396399999995,0,0,0,True,"priority_asset,active,undercovered,volume"
stage_3_breadth,31,676844,bitcoin-more-valuable-than-any-company-before-2027,BTC,0.0,6336.476872000001,0,0,0,True,"priority_asset,active,undercovered,volume"
stage_3_breadth,32,1295999,will-june-be-the-best-month-for-bitcoin-in-2026,BTC,1533.527503,6300.880933,0,0,0,True,"priority_asset,active,undercovered,volume"
stage_3_breadth,33,1295998,will-may-be-the-best-month-for-bitcoin-in-2026,BTC,1279.62596,6025.195849999998,0,0,0,True,"priority_asset,active,undercovered,volume"
stage_3_breadth,34,2044415,will-the-price-of-bitcoin-be-between-72000-74000-on-april-28,BTC,5971.534795,5971.534795,0,0,0,True,"priority_asset,active,undercovered,volume"
stage_3_breadth,35,2086789,will-the-price-of-bitcoin-be-between-80000-82000-on-may-3,BTC,5868.25718600002,5868.257186000014,0,0,0,True,"priority_asset,active,undercovered,volume"
stage_3_breadth,36,2044417,will-the-price-of-bitcoin-be-between-74000-76000-on-april-28,BTC,5867.380862999999,5867.380862999997,0,0,0,True,"priority_asset,active,undercovered,volume"
stage_3_breadth,37,2091281,will-bitcoin-dip-to-73k-on-april-27,BTC,5803.682712,5803.682712,0,0,0,True,"priority_asset,active,undercovered,volume"
stage_3_breadth,38,2044422,will-the-price-of-bitcoin-be-between-78000-80000-on-april-28,BTC,5799.3974579999995,5799.397458000002,0,0,0,True,"priority_asset,active,undercovered,volume"
stage_3_breadth,39,2068934,bitcoin-above-80k-on-may-1,BTC,5788.000167000001,5788.000167000003,0,0,0,True,"priority_asset,active,undercovered,volume"
stage_3_breadth,40,2068936,bitcoin-above-82k-on-may-1,BTC,5699.917394000002,5699.917394000004,0,0,0,True,"priority_asset,active,undercovered,volume"
stage_3_breadth,41,1296002,will-september-be-the-best-month-for-bitcoin-in-2026,BTC,977.4168739999999,5599.453682,0,0,0,True,"priority_asset,active,undercovered,volume"
stage_3_breadth,42,1696383,will-bitcoin-outperform-the-sp-500-in-april-2026,BTC,5079.916515999999,5457.904783999999,0,0,0,True,"priority_asset,active,undercovered,volume"
stage_3_breadth,43,1296001,will-august-be-the-best-month-for-bitcoin-in-2026,BTC,808.3272669999999,5410.2153690000005,0,0,0,True,"priority_asset,active,undercovered,volume"
stage_3_breadth,44,2078310,bitcoin-above-78k-on-may-2,BTC,5361.555710999997,5361.555711000016,0,0,0,True,"priority_asset,active,undercovered,volume"
stage_3_breadth,45,2060948,bitcoin-above-68k-on-april-30,BTC,5358.276282999999,5358.276282999997,0,0,0,True,"priority_asset,active,undercovered,volume"
stage_3_breadth,46,1296000,will-july-be-the-best-month-for-bitcoin-in-2026,BTC,1271.620834,5293.355153,0,0,0,True,"priority_asset,active,undercovered,volume"
stage_3_breadth,47,2068938,bitcoin-above-84k-on-may-1,BTC,5224.838322,5224.838321999999,0,0,0,True,"priority_asset,active,undercovered,volume"
stage_3_breadth,48,2044413,will-the-price-of-bitcoin-be-between-70000-72000-on-april-28,BTC,5220.620723,5220.620723000001,0,0,0,True,"priority_asset,active,undercovered,volume"
stage_3_breadth,49,2053355,will-the-price-of-bitcoin-be-between-70000-72000-on-april-29,BTC,5173.840829999999,5173.840829999999,0,0,0,True,"priority_asset,active,undercovered,volume"
stage_3_breadth,50,1821265,bitcoin-quantum-resistant-upgrade-implemented-in-2026,BTC,0.0,947.8538879999999,0,0,0,True,"priority_asset,active,undercovered,volume"
stage_3_breadth,51,2053361,will-the-price-of-bitcoin-be-between-76000-78000-on-april-29,BTC,938.959948,938.9599479999999,0,0,0,True,"priority_asset,active,undercovered,volume"
stage_3_breadth,52,2091227,will-bitcoin-reach-92k-april-27-may-3,BTC,888.2035,888.2035,0,0,0,True,"priority_asset,active,undercovered,volume"
stage_3_breadth,53,2091236,will-bitcoin-reach-84k-on-april-27,BTC,882.506666,882.506666,0,0,0,True,"priority_asset,active,undercovered,volume"
stage_3_breadth,54,2060901,will-the-price-of-bitcoin-be-between-74000-76000-on-april-30,BTC,875.60164,875.6016400000001,0,0,0,True,"priority_asset,active,undercovered,volume"
stage_3_breadth,55,2091223,will-bitcoin-reach-94k-april-27-may-3,BTC,848.1600000000002,848.1600000000002,0,0,0,True,"priority_asset,active,undercovered,volume"
stage_3_breadth,56,2060896,will-the-price-of-bitcoin-be-between-70000-72000-on-april-30,BTC,833.509859,833.5098589999999,0,0,0,True,"priority_asset,active,undercovered,volume"
stage_3_breadth,57,2092256,microstrategy-announces-1000-btc-purchase-april-28-may-4,BTC,829.986094,829.986094,0,0,0,True,"priority_asset,active,undercovered,volume"
stage_3_breadth,58,1665516,will-the-bitcoin-realized-volatility-index-hit-80-by-april-30,BTC,0.0,826.2589069999999,0,0,0,True,"priority_asset,active,undercovered,volume"
stage_3_breadth,59,2053368,will-the-price-of-bitcoin-be-between-82000-84000-on-april-29,BTC,779.967414,779.967414,0,0,0,True,"priority_asset,active,undercovered,volume"
stage_3_breadth,60,2086780,will-the-price-of-bitcoin-be-between-72000-74000-on-may-3,BTC,736.7079049999999,736.7079050000002,0,0,0,True,"priority_asset,active,undercovered,volume"
stage_3_breadth,61,2086864,bitcoin-above-80k-on-may-3,BTC,717.9799299999993,717.9799299999993,0,0,0,True,"priority_asset,active,undercovered,volume"
stage_3_breadth,62,2089450,btc-updown-15m-1777326300,BTC,677.74638,677.7463799999999,0,0,0,True,"priority_asset,active,undercovered,volume"
stage_3_breadth,63,2060904,will-the-price-of-bitcoin-be-between-76000-78000-on-april-30,BTC,655.668551,655.6685509999999,0,0,0,True,"priority_asset,active,undercovered,volume"
stage_3_breadth,64,2086777,will-the-price-of-bitcoin-be-less-than-70000-on-may-3,BTC,563.8037569999998,563.8037569999998,0,0,0,True,"priority_asset,active,undercovered,volume"
stage_3_breadth,65,2060908,will-the-price-of-bitcoin-be-between-78000-80000-on-april-30,BTC,558.465969,558.4659690000003,0,0,0,True,"priority_asset,active,undercovered,volume"
stage_3_breadth,66,2099278,bitcoin-above-74800-on-april-27-2026-4pm-et,BTC,549.991,549.991,0,0,0,True,"priority_asset,active,undercovered,volume"
stage_3_breadth,67,2060898,will-the-price-of-bitcoin-be-between-72000-74000-on-april-30,BTC,532.0731820000001,532.073182,0,0,0,True,"priority_asset,active,undercovered,volume"
stage_3_breadth,68,2099989,bitcoin-above-76600-on-april-27-2026-6pm-et,BTC,78.6407,78.6407,0,0,0,True,"priority_asset,active,undercovered,volume"
stage_3_breadth,69,2090545,btc-updown-15m-1777337100,BTC,76.577842,76.577842,0,0,0,True,"priority_asset,active,undercovered,volume"
stage_3_breadth,70,2059401,bitcoin-etf-flows-on-april-27,BTC,75.993416,75.993416,0,0,0,True,"priority_asset,active,undercovered,volume"
stage_3_breadth,71,2060915,will-the-price-of-bitcoin-be-between-82000-84000-on-april-30,BTC,72.987776,72.987776,0,0,0,True,"priority_asset,active,undercovered,volume"
stage_3_breadth,72,2080730,bitcoin-up-or-down-april-27-2026-7pm-et,BTC,64.137249,64.137249,0,0,0,True,"priority_asset,active,undercovered,volume"
stage_3_breadth,73,2096073,btc-updown-5m-1777380900,BTC,58.823526,58.823526,0,0,0,True,"priority_asset,active,undercovered,volume"
stage_3_breadth,74,2090398,btc-updown-15m-1777334400,BTC,56.97,56.97,0,0,0,True,"priority_asset,active,undercovered,volume"
stage_3_breadth,75,2090447,btc-updown-15m-1777335300,BTC,56.97,56.97,0,0,0,True,"priority_asset,active,undercovered,volume"
